,count,mean,std,min,25%,50%,75%,max
pfp0,636.0,0.012578616352201259,0.1115345437057834,0.0,0.0,0.0,0.0,1.0
pfp1,636.0,0.16666666666666666,0.3729713280515762,0.0,0.0,0.0,0.0,1.0
pfp2,636.0,0.0220125786163522,0.14683980182697184,0.0,0.0,0.0,0.0,1.0
pfp3,636.0,0.0047169811320754715,0.06857203875187479,0.0,0.0,0.0,0.0,1.0
pfp4,636.0,0.04716981132075472,0.21216879946203493,0.0,0.0,0.0,0.0,1.0
pfp5,636.0,0.007861635220125786,0.08838615903241269,0.0,0.0,0.0,0.0,1.0
pfp6,636.0,0.007861635220125786,0.08838615903241269,0.0,0.0,0.0,0.0,1.0
pfp7,636.0,0.0110062893081761,0.1044140453855138,0.0,0.0,0.0,0.0,1.0
pfp8,636.0,0.006289308176100629,0.07911760176551691,0.0,0.0,0.0,0.0,1.0
pfp9,636.0,0.0031446540880503146,0.05603304272380745,0.0,0.0,0.0,0.0,1.0
pfp10,636.0,0.006289308176100629,0.07911760176551691,0.0,0.0,0.0,0.0,1.0
pfp11,636.0,0.02830188679245283,0.1659644494601883,0.0,0.0,0.0,0.0,1.0
pfp12,636.0,0.0,0.0,0.0,0.0,0.0,0.0,0.0
pfp13,636.0,0.06132075471698113,0.24010657268331645,0.0,0.0,0.0,0.0,1.0
pfp14,636.0,0.014150943396226415,0.11820602266544708,0.0,0.0,0.0,0.0,1.0
pfp15,636.0,0.06289308176100629,0.24296163700145088,0.0,0.0,0.0,0.0,1.0
pfp16,636.0,0.007861635220125786,0.08838615903241269,0.0,0.0,0.0,0.0,1.0
pfp17,636.0,0.0015723270440251573,0.0396525792859072,0.0,0.0,0.0,0.0,1.0
pfp18,636.0,0.0031446540880503146,0.05603304272380745,0.0,0.0,0.0,0.0,1.0
pfp19,636.0,0.03459119496855346,0.1828858501636085,0.0,0.0,0.0,0.0,1.0
pfp20,636.0,0.0047169811320754715,0.0685720387518748,0.0,0.0,0.0,0.0,1.0
pfp21,636.0,0.0110062893081761,0.1044140453855138,0.0,0.0,0.0,0.0,1.0
pfp22,636.0,0.007861635220125786,0.08838615903241269,0.0,0.0,0.0,0.0,1.0
pfp23,636.0,0.015723270440251572,0.12450068649589366,0.0,0.0,0.0,0.0,1.0
pfp24,636.0,0.0110062893081761,0.1044140453855138,0.0,0.0,0.0,0.0,1.0
pfp25,636.0,0.009433962264150943,0.09674543450063515,0.0,0.0,0.0,0.0,1.0
pfp26,636.0,0.0110062893081761,0.1044140453855138,0.0,0.0,0.0,0.0,1.0
pfp27,636.0,0.0031446540880503146,0.05603304272380745,0.0,0.0,0.0,0.0,1.0
pfp28,636.0,0.0047169811320754715,0.06857203875187479,0.0,0.0,0.0,0.0,1.0
pfp29,636.0,0.015723270440251572,0.12450068649589366,0.0,0.0,0.0,0.0,1.0
pfp30,636.0,0.009433962264150943,0.09674543450063514,0.0,0.0,0.0,0.0,1.0
pfp31,636.0,0.018867924528301886,0.13616562925933673,0.0,0.0,0.0,0.0,1.0
pfp32,636.0,0.02358490566037736,0.1518714044457927,0.0,0.0,0.0,0.0,1.0
pfp33,636.0,0.6823899371069182,0.4659133225049001,0.0,0.0,1.0,1.0,1.0
pfp34,636.0,0.007861635220125786,0.08838615903241269,0.0,0.0,0.0,0.0,1.0
pfp35,636.0,0.009433962264150943,0.09674543450063514,0.0,0.0,0.0,0.0,1.0
pfp36,636.0,0.018867924528301886,0.13616562925933676,0.0,0.0,0.0,0.0,1.0
pfp37,636.0,0.015723270440251572,0.12450068649589366,0.0,0.0,0.0,0.0,1.0
pfp38,636.0,0.0,0.0,0.0,0.0,0.0,0.0,0.0
pfp39,636.0,0.025157232704402517,0.1567257712213548,0.0,0.0,0.0,0.0,1.0
pfp40,636.0,0.014150943396226415,0.1182060226654471,0.0,0.0,0.0,0.0,1.0
pfp41,636.0,0.0015723270440251573,0.039652579285907215,0.0,0.0,0.0,0.0,1.0
pfp42,636.0,0.029874213836477988,0.17037425195060263,0.0,0.0,0.0,0.0,1.0
pfp43,636.0,0.007861635220125786,0.08838615903241269,0.0,0.0,0.0,0.0,1.0
pfp44,636.0,0.018867924528301886,0.13616562925933673,0.0,0.0,0.0,0.0,1.0
pfp45,636.0,0.007861635220125786,0.08838615903241269,0.0,0.0,0.0,0.0,1.0
pfp46,636.0,0.012578616352201259,0.11153454370578339,0.0,0.0,0.0,0.0,1.0
pfp47,636.0,0.015723270440251572,0.12450068649589366,0.0,0.0,0.0,0.0,1.0
pfp48,636.0,0.0031446540880503146,0.05603304272380745,0.0,0.0,0.0,0.0,1.0
pfp49,636.0,0.0047169811320754715,0.06857203875187479,0.0,0.0,0.0,0.0,1.0
pfp50,636.0,0.007861635220125786,0.08838615903241269,0.0,0.0,0.0,0.0,1.0
pfp51,636.0,0.0031446540880503146,0.05603304272380745,0.0,0.0,0.0,0.0,1.0
pfp52,636.0,0.0047169811320754715,0.0685720387518748,0.0,0.0,0.0,0.0,1.0
pfp53,636.0,0.018867924528301886,0.13616562925933673,0.0,0.0,0.0,0.0,1.0
pfp54,636.0,0.0,0.0,0.0,0.0,0.0,0.0,0.0
pfp55,636.0,0.007861635220125786,0.08838615903241269,0.0,0.0,0.0,0.0,1.0
pfp56,636.0,0.009433962264150943,0.09674543450063515,0.0,0.0,0.0,0.0,1.0
pfp57,636.0,0.009433962264150943,0.09674543450063514,0.0,0.0,0.0,0.0,1.0
pfp58,636.0,0.009433962264150943,0.09674543450063515,0.0,0.0,0.0,0.0,1.0
pfp59,636.0,0.0047169811320754715,0.06857203875187479,0.0,0.0,0.0,0.0,1.0
pfp60,636.0,0.0047169811320754715,0.06857203875187479,0.0,0.0,0.0,0.0,1.0
pfp61,636.0,0.0031446540880503146,0.05603304272380745,0.0,0.0,0.0,0.0,1.0
pfp62,636.0,0.007861635220125786,0.08838615903241269,0.0,0.0,0.0,0.0,1.0
pfp63,636.0,0.0220125786163522,0.14683980182697184,0.0,0.0,0.0,0.0,1.0
pfp64,636.0,0.24213836477987422,0.42871478290001486,0.0,0.0,0.0,0.0,1.0
pfp65,636.0,0.026729559748427674,0.16141889304030382,0.0,0.0,0.0,0.0,1.0
pfp66,636.0,0.006289308176100629,0.07911760176551691,0.0,0.0,0.0,0.0,1.0
pfp67,636.0,0.0047169811320754715,0.0685720387518748,0.0,0.0,0.0,0.0,1.0
pfp68,636.0,0.0015723270440251573,0.0396525792859072,0.0,0.0,0.0,0.0,1.0
pfp69,636.0,0.006289308176100629,0.0791176017655169,0.0,0.0,0.0,0.0,1.0
pfp70,636.0,0.007861635220125786,0.08838615903241269,0.0,0.0,0.0,0.0,1.0
pfp71,636.0,0.006289308176100629,0.07911760176551691,0.0,0.0,0.0,0.0,1.0
pfp72,636.0,0.025157232704402517,0.1567257712213548,0.0,0.0,0.0,0.0,1.0
pfp73,636.0,0.007861635220125786,0.08838615903241269,0.0,0.0,0.0,0.0,1.0
pfp74,636.0,0.006289308176100629,0.0791176017655169,0.0,0.0,0.0,0.0,1.0
pfp75,636.0,0.006289308176100629,0.07911760176551691,0.0,0.0,0.0,0.0,1.0
pfp76,636.0,0.006289308176100629,0.0791176017655169,0.0,0.0,0.0,0.0,1.0
pfp77,636.0,0.012578616352201259,0.1115345437057834,0.0,0.0,0.0,0.0,1.0
pfp78,636.0,0.006289308176100629,0.07911760176551691,0.0,0.0,0.0,0.0,1.0
pfp79,636.0,0.006289308176100629,0.07911760176551691,0.0,0.0,0.0,0.0,1.0
pfp80,636.0,0.46540880503144655,0.49919461704442375,0.0,0.0,0.0,1.0,1.0
pfp81,636.0,0.0047169811320754715,0.06857203875187479,0.0,0.0,0.0,0.0,1.0
pfp82,636.0,0.0031446540880503146,0.05603304272380745,0.0,0.0,0.0,0.0,1.0
pfp83,636.0,0.0110062893081761,0.10441404538551381,0.0,0.0,0.0,0.0,1.0
pfp84,636.0,0.006289308176100629,0.0791176017655169,0.0,0.0,0.0,0.0,1.0
pfp85,636.0,0.03930817610062893,0.19448010888505732,0.0,0.0,0.0,0.0,1.0
pfp86,636.0,0.0047169811320754715,0.0685720387518748,0.0,0.0,0.0,0.0,1.0
pfp87,636.0,0.0031446540880503146,0.05603304272380744,0.0,0.0,0.0,0.0,1.0
pfp88,636.0,0.007861635220125786,0.08838615903241269,0.0,0.0,0.0,0.0,1.0
pfp89,636.0,0.006289308176100629,0.0791176017655169,0.0,0.0,0.0,0.0,1.0
pfp90,636.0,0.040880503144654086,0.19816920678276886,0.0,0.0,0.0,0.0,1.0
pfp91,636.0,0.0015723270440251573,0.03965257928590721,0.0,0.0,0.0,0.0,1.0
pfp92,636.0,0.0110062893081761,0.10441404538551381,0.0,0.0,0.0,0.0,1.0
pfp93,636.0,0.0015723270440251573,0.03965257928590721,0.0,0.0,0.0,0.0,1.0
pfp94,636.0,0.007861635220125786,0.08838615903241269,0.0,0.0,0.0,0.0,1.0
pfp95,636.0,0.0031446540880503146,0.05603304272380745,0.0,0.0,0.0,0.0,1.0
pfp96,636.0,0.009433962264150943,0.09674543450063514,0.0,0.0,0.0,0.0,1.0
pfp97,636.0,0.018867924528301886,0.13616562925933673,0.0,0.0,0.0,0.0,1.0
pfp98,636.0,0.0015723270440251573,0.0396525792859072,0.0,0.0,0.0,0.0,1.0
pfp99,636.0,0.0015723270440251573,0.03965257928590721,0.0,0.0,0.0,0.0,1.0
pfp100,636.0,0.006289308176100629,0.07911760176551691,0.0,0.0,0.0,0.0,1.0
pfp101,636.0,0.015723270440251572,0.12450068649589366,0.0,0.0,0.0,0.0,1.0
pfp102,636.0,0.0110062893081761,0.1044140453855138,0.0,0.0,0.0,0.0,1.0
pfp103,636.0,0.0031446540880503146,0.05603304272380745,0.0,0.0,0.0,0.0,1.0
pfp104,636.0,0.012578616352201259,0.11153454370578339,0.0,0.0,0.0,0.0,1.0
pfp105,636.0,0.0031446540880503146,0.05603304272380744,0.0,0.0,0.0,0.0,1.0
pfp106,636.0,0.02358490566037736,0.1518714044457927,0.0,0.0,0.0,0.0,1.0
pfp107,636.0,0.009433962264150943,0.09674543450063515,0.0,0.0,0.0,0.0,1.0
pfp108,636.0,0.0031446540880503146,0.05603304272380744,0.0,0.0,0.0,0.0,1.0
pfp109,636.0,0.007861635220125786,0.08838615903241269,0.0,0.0,0.0,0.0,1.0
pfp110,636.0,0.018867924528301886,0.13616562925933673,0.0,0.0,0.0,0.0,1.0
pfp111,636.0,0.0015723270440251573,0.0396525792859072,0.0,0.0,0.0,0.0,1.0
pfp112,636.0,0.014150943396226415,0.1182060226654471,0.0,0.0,0.0,0.0,1.0
pfp113,636.0,0.0110062893081761,0.10441404538551381,0.0,0.0,0.0,0.0,1.0
pfp114,636.0,0.10377358490566038,0.30520663813646204,0.0,0.0,0.0,0.0,1.0
pfp115,636.0,0.014150943396226415,0.1182060226654471,0.0,0.0,0.0,0.0,1.0
pfp116,636.0,0.0330188679245283,0.17882646219295587,0.0,0.0,0.0,0.0,1.0
pfp117,636.0,0.0110062893081761,0.1044140453855138,0.0,0.0,0.0,0.0,1.0
pfp118,636.0,0.029874213836477988,0.17037425195060263,0.0,0.0,0.0,0.0,1.0
pfp119,636.0,0.05345911949685535,0.22512425243588052,0.0,0.0,0.0,0.0,1.0
pfp120,636.0,0.0031446540880503146,0.05603304272380744,0.0,0.0,0.0,0.0,1.0
pfp121,636.0,0.01729559748427673,0.13047308485029052,0.0,0.0,0.0,0.0,1.0
pfp122,636.0,0.007861635220125786,0.08838615903241269,0.0,0.0,0.0,0.0,1.0
pfp123,636.0,0.009433962264150943,0.09674543450063514,0.0,0.0,0.0,0.0,1.0
pfp124,636.0,0.009433962264150943,0.09674543450063514,0.0,0.0,0.0,0.0,1.0
pfp125,636.0,0.0015723270440251573,0.03965257928590721,0.0,0.0,0.0,0.0,1.0
pfp126,636.0,0.007861635220125786,0.08838615903241269,0.0,0.0,0.0,0.0,1.0
pfp127,636.0,0.0015723270440251573,0.0396525792859072,0.0,0.0,0.0,0.0,1.0
pfp128,636.0,0.05817610062893082,0.23426038503095162,0.0,0.0,0.0,0.0,1.0
pfp129,636.0,0.009433962264150943,0.09674543450063515,0.0,0.0,0.0,0.0,1.0
pfp130,636.0,0.0031446540880503146,0.05603304272380745,0.0,0.0,0.0,0.0,1.0
pfp131,636.0,0.0220125786163522,0.14683980182697184,0.0,0.0,0.0,0.0,1.0
pfp132,636.0,0.0,0.0,0.0,0.0,0.0,0.0,0.0
pfp133,636.0,0.014150943396226415,0.11820602266544708,0.0,0.0,0.0,0.0,1.0
pfp134,636.0,0.006289308176100629,0.07911760176551691,0.0,0.0,0.0,0.0,1.0
pfp135,636.0,0.007861635220125786,0.08838615903241269,0.0,0.0,0.0,0.0,1.0
pfp136,636.0,0.025157232704402517,0.1567257712213548,0.0,0.0,0.0,0.0,1.0
pfp137,636.0,0.0031446540880503146,0.05603304272380745,0.0,0.0,0.0,0.0,1.0
pfp138,636.0,0.0015723270440251573,0.0396525792859072,0.0,0.0,0.0,0.0,1.0
pfp139,636.0,0.031446540880503145,0.17465858341252283,0.0,0.0,0.0,0.0,1.0
pfp140,636.0,0.012578616352201259,0.1115345437057834,0.0,0.0,0.0,0.0,1.0
pfp141,636.0,0.006289308176100629,0.07911760176551691,0.0,0.0,0.0,0.0,1.0
pfp142,636.0,0.0110062893081761,0.10441404538551381,0.0,0.0,0.0,0.0,1.0
pfp143,636.0,0.0015723270440251573,0.0396525792859072,0.0,0.0,0.0,0.0,1.0
pfp144,636.0,0.0220125786163522,0.14683980182697184,0.0,0.0,0.0,0.0,1.0
pfp145,636.0,0.026729559748427674,0.16141889304030382,0.0,0.0,0.0,0.0,1.0
pfp146,636.0,0.0031446540880503146,0.05603304272380744,0.0,0.0,0.0,0.0,1.0
pfp147,636.0,0.09748427672955975,0.2968495333021105,0.0,0.0,0.0,0.0,1.0
pfp148,636.0,0.0031446540880503146,0.05603304272380745,0.0,0.0,0.0,0.0,1.0
pfp149,636.0,0.0110062893081761,0.10441404538551381,0.0,0.0,0.0,0.0,1.0
pfp150,636.0,0.0015723270440251573,0.0396525792859072,0.0,0.0,0.0,0.0,1.0
pfp151,636.0,0.018867924528301886,0.13616562925933676,0.0,0.0,0.0,0.0,1.0
pfp152,636.0,0.0015723270440251573,0.03965257928590721,0.0,0.0,0.0,0.0,1.0
pfp153,636.0,0.0031446540880503146,0.05603304272380745,0.0,0.0,0.0,0.0,1.0
pfp154,636.0,0.0031446540880503146,0.05603304272380745,0.0,0.0,0.0,0.0,1.0
pfp155,636.0,0.0,0.0,0.0,0.0,0.0,0.0,0.0
pfp156,636.0,0.007861635220125786,0.08838615903241269,0.0,0.0,0.0,0.0,1.0
pfp157,636.0,0.0047169811320754715,0.06857203875187479,0.0,0.0,0.0,0.0,1.0
pfp158,636.0,0.018867924528301886,0.13616562925933673,0.0,0.0,0.0,0.0,1.0
pfp159,636.0,0.0031446540880503146,0.05603304272380745,0.0,0.0,0.0,0.0,1.0
pfp160,636.0,0.0110062893081761,0.10441404538551381,0.0,0.0,0.0,0.0,1.0
pfp161,636.0,0.0,0.0,0.0,0.0,0.0,0.0,0.0
pfp162,636.0,0.0031446540880503146,0.05603304272380745,0.0,0.0,0.0,0.0,1.0
pfp163,636.0,0.0110062893081761,0.10441404538551381,0.0,0.0,0.0,0.0,1.0
pfp164,636.0,0.006289308176100629,0.07911760176551691,0.0,0.0,0.0,0.0,1.0
pfp165,636.0,0.025157232704402517,0.1567257712213548,0.0,0.0,0.0,0.0,1.0
pfp166,636.0,0.006289308176100629,0.07911760176551691,0.0,0.0,0.0,0.0,1.0
pfp167,636.0,0.009433962264150943,0.09674543450063514,0.0,0.0,0.0,0.0,1.0
pfp168,636.0,0.0047169811320754715,0.06857203875187479,0.0,0.0,0.0,0.0,1.0
pfp169,636.0,0.006289308176100629,0.07911760176551691,0.0,0.0,0.0,0.0,1.0
pfp170,636.0,0.0,0.0,0.0,0.0,0.0,0.0,0.0
pfp171,636.0,0.006289308176100629,0.07911760176551691,0.0,0.0,0.0,0.0,1.0
pfp172,636.0,0.0031446540880503146,0.05603304272380745,0.0,0.0,0.0,0.0,1.0
pfp173,636.0,0.0031446540880503146,0.05603304272380745,0.0,0.0,0.0,0.0,1.0
pfp174,636.0,0.0031446540880503146,0.05603304272380745,0.0,0.0,0.0,0.0,1.0
pfp175,636.0,0.18238993710691823,0.38646951840278976,0.0,0.0,0.0,0.0,1.0
pfp176,636.0,0.0,0.0,0.0,0.0,0.0,0.0,0.0
pfp177,636.0,0.0031446540880503146,0.05603304272380745,0.0,0.0,0.0,0.0,1.0
pfp178,636.0,0.0047169811320754715,0.06857203875187479,0.0,0.0,0.0,0.0,1.0
pfp179,636.0,0.02358490566037736,0.15187140444579267,0.0,0.0,0.0,0.0,1.0
pfp180,636.0,0.0047169811320754715,0.0685720387518748,0.0,0.0,0.0,0.0,1.0
pfp181,636.0,0.009433962264150943,0.09674543450063514,0.0,0.0,0.0,0.0,1.0
pfp182,636.0,0.0015723270440251573,0.03965257928590721,0.0,0.0,0.0,0.0,1.0
pfp183,636.0,0.020440251572327043,0.14161207258446892,0.0,0.0,0.0,0.0,1.0
pfp184,636.0,0.014150943396226415,0.11820602266544708,0.0,0.0,0.0,0.0,1.0
pfp185,636.0,0.007861635220125786,0.08838615903241269,0.0,0.0,0.0,0.0,1.0
pfp186,636.0,0.0015723270440251573,0.03965257928590721,0.0,0.0,0.0,0.0,1.0
pfp187,636.0,0.0031446540880503146,0.05603304272380745,0.0,0.0,0.0,0.0,1.0
pfp188,636.0,0.0015723270440251573,0.03965257928590721,0.0,0.0,0.0,0.0,1.0
pfp189,636.0,0.0031446540880503146,0.05603304272380744,0.0,0.0,0.0,0.0,1.0
pfp190,636.0,0.012578616352201259,0.11153454370578339,0.0,0.0,0.0,0.0,1.0
pfp191,636.0,0.006289308176100629,0.0791176017655169,0.0,0.0,0.0,0.0,1.0
pfp192,636.0,0.02358490566037736,0.15187140444579267,0.0,0.0,0.0,0.0,1.0
pfp193,636.0,0.012578616352201259,0.1115345437057834,0.0,0.0,0.0,0.0,1.0
pfp194,636.0,0.006289308176100629,0.0791176017655169,0.0,0.0,0.0,0.0,1.0
pfp195,636.0,0.01729559748427673,0.13047308485029052,0.0,0.0,0.0,0.0,1.0
pfp196,636.0,0.0015723270440251573,0.03965257928590721,0.0,0.0,0.0,0.0,1.0
pfp197,636.0,0.006289308176100629,0.07911760176551691,0.0,0.0,0.0,0.0,1.0
pfp198,636.0,0.0,0.0,0.0,0.0,0.0,0.0,0.0
pfp199,636.0,0.007861635220125786,0.08838615903241269,0.0,0.0,0.0,0.0,1.0
pfp200,636.0,0.009433962264150943,0.09674543450063515,0.0,0.0,0.0,0.0,1.0
pfp201,636.0,0.009433962264150943,0.09674543450063514,0.0,0.0,0.0,0.0,1.0
pfp202,636.0,0.015723270440251572,0.12450068649589366,0.0,0.0,0.0,0.0,1.0
pfp203,636.0,0.0110062893081761,0.10441404538551381,0.0,0.0,0.0,0.0,1.0
pfp204,636.0,0.012578616352201259,0.1115345437057834,0.0,0.0,0.0,0.0,1.0
pfp205,636.0,0.0015723270440251573,0.03965257928590721,0.0,0.0,0.0,0.0,1.0
pfp206,636.0,0.0031446540880503146,0.05603304272380745,0.0,0.0,0.0,0.0,1.0
pfp207,636.0,0.01729559748427673,0.13047308485029052,0.0,0.0,0.0,0.0,1.0
pfp208,636.0,0.014150943396226415,0.11820602266544708,0.0,0.0,0.0,0.0,1.0
pfp209,636.0,0.0015723270440251573,0.03965257928590721,0.0,0.0,0.0,0.0,1.0
pfp210,636.0,0.0031446540880503146,0.05603304272380745,0.0,0.0,0.0,0.0,1.0
pfp211,636.0,0.006289308176100629,0.07911760176551691,0.0,0.0,0.0,0.0,1.0
pfp212,636.0,0.02358490566037736,0.15187140444579267,0.0,0.0,0.0,0.0,1.0
pfp213,636.0,0.009433962264150943,0.09674543450063514,0.0,0.0,0.0,0.0,1.0
pfp214,636.0,0.05345911949685535,0.2251242524358805,0.0,0.0,0.0,0.0,1.0
pfp215,636.0,0.0015723270440251573,0.03965257928590721,0.0,0.0,0.0,0.0,1.0
pfp216,636.0,0.036163522012578615,0.18684381870567937,0.0,0.0,0.0,0.0,1.0
pfp217,636.0,0.0047169811320754715,0.06857203875187479,0.0,0.0,0.0,0.0,1.0
pfp218,636.0,0.0047169811320754715,0.06857203875187479,0.0,0.0,0.0,0.0,1.0
pfp219,636.0,0.020440251572327043,0.14161207258446892,0.0,0.0,0.0,0.0,1.0
pfp220,636.0,0.0,0.0,0.0,0.0,0.0,0.0,0.0
pfp221,636.0,0.006289308176100629,0.07911760176551691,0.0,0.0,0.0,0.0,1.0
pfp222,636.0,0.055031446540880505,0.2282211228158374,0.0,0.0,0.0,0.0,1.0
pfp223,636.0,0.0,0.0,0.0,0.0,0.0,0.0,0.0
pfp224,636.0,0.0015723270440251573,0.03965257928590721,0.0,0.0,0.0,0.0,1.0
pfp225,636.0,0.015723270440251572,0.12450068649589366,0.0,0.0,0.0,0.0,1.0
pfp226,636.0,0.0031446540880503146,0.05603304272380745,0.0,0.0,0.0,0.0,1.0
pfp227,636.0,0.02830188679245283,0.1659644494601883,0.0,0.0,0.0,0.0,1.0
pfp228,636.0,0.007861635220125786,0.08838615903241269,0.0,0.0,0.0,0.0,1.0
pfp229,636.0,0.009433962264150943,0.09674543450063515,0.0,0.0,0.0,0.0,1.0
pfp230,636.0,0.009433962264150943,0.09674543450063515,0.0,0.0,0.0,0.0,1.0
pfp231,636.0,0.04559748427672956,0.2087747267866546,0.0,0.0,0.0,0.0,1.0
pfp232,636.0,0.014150943396226415,0.11820602266544708,0.0,0.0,0.0,0.0,1.0
pfp233,636.0,0.025157232704402517,0.1567257712213548,0.0,0.0,0.0,0.0,1.0
pfp234,636.0,0.007861635220125786,0.08838615903241269,0.0,0.0,0.0,0.0,1.0
pfp235,636.0,0.026729559748427674,0.16141889304030382,0.0,0.0,0.0,0.0,1.0
pfp236,636.0,0.007861635220125786,0.08838615903241269,0.0,0.0,0.0,0.0,1.0
pfp237,636.0,0.006289308176100629,0.07911760176551691,0.0,0.0,0.0,0.0,1.0
pfp238,636.0,0.0,0.0,0.0,0.0,0.0,0.0,0.0
pfp239,636.0,0.0031446540880503146,0.05603304272380745,0.0,0.0,0.0,0.0,1.0
pfp240,636.0,0.0031446540880503146,0.05603304272380745,0.0,0.0,0.0,0.0,1.0
pfp241,636.0,0.007861635220125786,0.08838615903241269,0.0,0.0,0.0,0.0,1.0
pfp242,636.0,0.007861635220125786,0.08838615903241269,0.0,0.0,0.0,0.0,1.0
pfp243,636.0,0.01729559748427673,0.13047308485029052,0.0,0.0,0.0,0.0,1.0
pfp244,636.0,0.009433962264150943,0.09674543450063515,0.0,0.0,0.0,0.0,1.0
pfp245,636.0,0.006289308176100629,0.07911760176551691,0.0,0.0,0.0,0.0,1.0
pfp246,636.0,0.0015723270440251573,0.03965257928590721,0.0,0.0,0.0,0.0,1.0
pfp247,636.0,0.0015723270440251573,0.03965257928590721,0.0,0.0,0.0,0.0,1.0
pfp248,636.0,0.009433962264150943,0.09674543450063514,0.0,0.0,0.0,0.0,1.0
pfp249,636.0,0.03930817610062893,0.19448010888505732,0.0,0.0,0.0,0.0,1.0
pfp250,636.0,0.0110062893081761,0.1044140453855138,0.0,0.0,0.0,0.0,1.0
pfp251,636.0,0.029874213836477988,0.17037425195060263,0.0,0.0,0.0,0.0,1.0
pfp252,636.0,0.012578616352201259,0.1115345437057834,0.0,0.0,0.0,0.0,1.0
pfp253,636.0,0.012578616352201259,0.1115345437057834,0.0,0.0,0.0,0.0,1.0
pfp254,636.0,0.007861635220125786,0.08838615903241269,0.0,0.0,0.0,0.0,1.0
pfp255,636.0,0.0,0.0,0.0,0.0,0.0,0.0,0.0
pfp256,636.0,0.0015723270440251573,0.03965257928590721,0.0,0.0,0.0,0.0,1.0
pfp257,636.0,0.0031446540880503146,0.05603304272380745,0.0,0.0,0.0,0.0,1.0
pfp258,636.0,0.0047169811320754715,0.06857203875187479,0.0,0.0,0.0,0.0,1.0
pfp259,636.0,0.0,0.0,0.0,0.0,0.0,0.0,0.0
pfp260,636.0,0.006289308176100629,0.07911760176551691,0.0,0.0,0.0,0.0,1.0
pfp261,636.0,0.0015723270440251573,0.0396525792859072,0.0,0.0,0.0,0.0,1.0
pfp262,636.0,0.0110062893081761,0.10441404538551381,0.0,0.0,0.0,0.0,1.0
pfp263,636.0,0.006289308176100629,0.07911760176551691,0.0,0.0,0.0,0.0,1.0
pfp264,636.0,0.0031446540880503146,0.05603304272380745,0.0,0.0,0.0,0.0,1.0
pfp265,636.0,0.007861635220125786,0.08838615903241269,0.0,0.0,0.0,0.0,1.0
pfp266,636.0,0.009433962264150943,0.09674543450063514,0.0,0.0,0.0,0.0,1.0
pfp267,636.0,0.0031446540880503146,0.05603304272380744,0.0,0.0,0.0,0.0,1.0
pfp268,636.0,0.012578616352201259,0.1115345437057834,0.0,0.0,0.0,0.0,1.0
pfp269,636.0,0.0047169811320754715,0.06857203875187479,0.0,0.0,0.0,0.0,1.0
pfp270,636.0,0.01729559748427673,0.13047308485029052,0.0,0.0,0.0,0.0,1.0
pfp271,636.0,0.009433962264150943,0.09674543450063514,0.0,0.0,0.0,0.0,1.0
pfp272,636.0,0.0047169811320754715,0.06857203875187479,0.0,0.0,0.0,0.0,1.0
pfp273,636.0,0.006289308176100629,0.07911760176551691,0.0,0.0,0.0,0.0,1.0
pfp274,636.0,0.0031446540880503146,0.05603304272380744,0.0,0.0,0.0,0.0,1.0
pfp275,636.0,0.0047169811320754715,0.0685720387518748,0.0,0.0,0.0,0.0,1.0
pfp276,636.0,0.0031446540880503146,0.05603304272380745,0.0,0.0,0.0,0.0,1.0
pfp277,636.0,0.012578616352201259,0.11153454370578339,0.0,0.0,0.0,0.0,1.0
pfp278,636.0,0.0047169811320754715,0.06857203875187479,0.0,0.0,0.0,0.0,1.0
pfp279,636.0,0.0015723270440251573,0.03965257928590721,0.0,0.0,0.0,0.0,1.0
pfp280,636.0,0.0110062893081761,0.10441404538551378,0.0,0.0,0.0,0.0,1.0
pfp281,636.0,0.0031446540880503146,0.05603304272380745,0.0,0.0,0.0,0.0,1.0
pfp282,636.0,0.0015723270440251573,0.03965257928590721,0.0,0.0,0.0,0.0,1.0
pfp283,636.0,0.11635220125786164,0.3208991724958677,0.0,0.0,0.0,0.0,1.0
pfp284,636.0,0.015723270440251572,0.12450068649589366,0.0,0.0,0.0,0.0,1.0
pfp285,636.0,0.015723270440251572,0.12450068649589366,0.0,0.0,0.0,0.0,1.0
pfp286,636.0,0.0047169811320754715,0.06857203875187479,0.0,0.0,0.0,0.0,1.0
pfp287,636.0,0.018867924528301886,0.13616562925933673,0.0,0.0,0.0,0.0,1.0
pfp288,636.0,0.0110062893081761,0.1044140453855138,0.0,0.0,0.0,0.0,1.0
pfp289,636.0,0.05660377358490566,0.2312658222752916,0.0,0.0,0.0,0.0,1.0
pfp290,636.0,0.007861635220125786,0.08838615903241269,0.0,0.0,0.0,0.0,1.0
pfp291,636.0,0.0015723270440251573,0.0396525792859072,0.0,0.0,0.0,0.0,1.0
pfp292,636.0,0.0015723270440251573,0.0396525792859072,0.0,0.0,0.0,0.0,1.0
pfp293,636.0,0.0,0.0,0.0,0.0,0.0,0.0,0.0
pfp294,636.0,0.3223270440251572,0.46773529760089694,0.0,0.0,0.0,1.0,1.0
pfp295,636.0,0.006289308176100629,0.07911760176551691,0.0,0.0,0.0,0.0,1.0
pfp296,636.0,0.0015723270440251573,0.0396525792859072,0.0,0.0,0.0,0.0,1.0
pfp297,636.0,0.015723270440251572,0.12450068649589366,0.0,0.0,0.0,0.0,1.0
pfp298,636.0,0.014150943396226415,0.11820602266544708,0.0,0.0,0.0,0.0,1.0
pfp299,636.0,0.0,0.0,0.0,0.0,0.0,0.0,0.0
pfp300,636.0,0.0015723270440251573,0.03965257928590721,0.0,0.0,0.0,0.0,1.0
pfp301,636.0,0.04245283018867924,0.2017786016175094,0.0,0.0,0.0,0.0,1.0
pfp302,636.0,0.007861635220125786,0.08838615903241269,0.0,0.0,0.0,0.0,1.0
pfp303,636.0,0.007861635220125786,0.08838615903241269,0.0,0.0,0.0,0.0,1.0
pfp304,636.0,0.0047169811320754715,0.06857203875187479,0.0,0.0,0.0,0.0,1.0
pfp305,636.0,0.01729559748427673,0.13047308485029052,0.0,0.0,0.0,0.0,1.0
pfp306,636.0,0.0,0.0,0.0,0.0,0.0,0.0,0.0
pfp307,636.0,0.0,0.0,0.0,0.0,0.0,0.0,0.0
pfp308,636.0,0.0047169811320754715,0.0685720387518748,0.0,0.0,0.0,0.0,1.0
pfp309,636.0,0.006289308176100629,0.0791176017655169,0.0,0.0,0.0,0.0,1.0
pfp310,636.0,0.01729559748427673,0.13047308485029052,0.0,0.0,0.0,0.0,1.0
pfp311,636.0,0.0047169811320754715,0.06857203875187479,0.0,0.0,0.0,0.0,1.0
pfp312,636.0,0.026729559748427674,0.16141889304030382,0.0,0.0,0.0,0.0,1.0
pfp313,636.0,0.0031446540880503146,0.05603304272380745,0.0,0.0,0.0,0.0,1.0
pfp314,636.0,0.04245283018867924,0.2017786016175094,0.0,0.0,0.0,0.0,1.0
pfp315,636.0,0.0047169811320754715,0.06857203875187479,0.0,0.0,0.0,0.0,1.0
pfp316,636.0,0.012578616352201259,0.1115345437057834,0.0,0.0,0.0,0.0,1.0
pfp317,636.0,0.006289308176100629,0.0791176017655169,0.0,0.0,0.0,0.0,1.0
pfp318,636.0,0.0015723270440251573,0.03965257928590721,0.0,0.0,0.0,0.0,1.0
pfp319,636.0,0.0047169811320754715,0.06857203875187479,0.0,0.0,0.0,0.0,1.0
pfp320,636.0,0.014150943396226415,0.1182060226654471,0.0,0.0,0.0,0.0,1.0
pfp321,636.0,0.0015723270440251573,0.03965257928590721,0.0,0.0,0.0,0.0,1.0
pfp322,636.0,0.03459119496855346,0.1828858501636085,0.0,0.0,0.0,0.0,1.0
pfp323,636.0,0.006289308176100629,0.07911760176551691,0.0,0.0,0.0,0.0,1.0
pfp324,636.0,0.0047169811320754715,0.06857203875187479,0.0,0.0,0.0,0.0,1.0
pfp325,636.0,0.01729559748427673,0.13047308485029052,0.0,0.0,0.0,0.0,1.0
pfp326,636.0,0.0015723270440251573,0.03965257928590721,0.0,0.0,0.0,0.0,1.0
pfp327,636.0,0.007861635220125786,0.08838615903241269,0.0,0.0,0.0,0.0,1.0
pfp328,636.0,0.0031446540880503146,0.05603304272380745,0.0,0.0,0.0,0.0,1.0
pfp329,636.0,0.01729559748427673,0.13047308485029052,0.0,0.0,0.0,0.0,1.0
pfp330,636.0,0.020440251572327043,0.14161207258446892,0.0,0.0,0.0,0.0,1.0
pfp331,636.0,0.0047169811320754715,0.06857203875187479,0.0,0.0,0.0,0.0,1.0
pfp332,636.0,0.014150943396226415,0.1182060226654471,0.0,0.0,0.0,0.0,1.0
pfp333,636.0,0.03459119496855346,0.1828858501636085,0.0,0.0,0.0,0.0,1.0
pfp334,636.0,0.007861635220125786,0.08838615903241269,0.0,0.0,0.0,0.0,1.0
pfp335,636.0,0.007861635220125786,0.08838615903241269,0.0,0.0,0.0,0.0,1.0
pfp336,636.0,0.006289308176100629,0.07911760176551691,0.0,0.0,0.0,0.0,1.0
pfp337,636.0,0.0047169811320754715,0.06857203875187479,0.0,0.0,0.0,0.0,1.0
pfp338,636.0,0.01729559748427673,0.13047308485029052,0.0,0.0,0.0,0.0,1.0
pfp339,636.0,0.006289308176100629,0.0791176017655169,0.0,0.0,0.0,0.0,1.0
pfp340,636.0,0.0031446540880503146,0.05603304272380744,0.0,0.0,0.0,0.0,1.0
pfp341,636.0,0.018867924528301886,0.13616562925933673,0.0,0.0,0.0,0.0,1.0
pfp342,636.0,0.04716981132075472,0.21216879946203493,0.0,0.0,0.0,0.0,1.0
pfp343,636.0,0.0,0.0,0.0,0.0,0.0,0.0,0.0
pfp344,636.0,0.0031446540880503146,0.05603304272380745,0.0,0.0,0.0,0.0,1.0
pfp345,636.0,0.018867924528301886,0.13616562925933673,0.0,0.0,0.0,0.0,1.0
pfp346,636.0,0.006289308176100629,0.07911760176551691,0.0,0.0,0.0,0.0,1.0
pfp347,636.0,0.006289308176100629,0.0791176017655169,0.0,0.0,0.0,0.0,1.0
pfp348,636.0,0.009433962264150943,0.09674543450063514,0.0,0.0,0.0,0.0,1.0
pfp349,636.0,0.007861635220125786,0.08838615903241269,0.0,0.0,0.0,0.0,1.0
pfp350,636.0,0.0220125786163522,0.14683980182697184,0.0,0.0,0.0,0.0,1.0
pfp351,636.0,0.007861635220125786,0.08838615903241269,0.0,0.0,0.0,0.0,1.0
pfp352,636.0,0.029874213836477988,0.17037425195060263,0.0,0.0,0.0,0.0,1.0
pfp353,636.0,0.012578616352201259,0.1115345437057834,0.0,0.0,0.0,0.0,1.0
pfp354,636.0,0.0031446540880503146,0.05603304272380745,0.0,0.0,0.0,0.0,1.0
pfp355,636.0,0.0031446540880503146,0.05603304272380745,0.0,0.0,0.0,0.0,1.0
pfp356,636.0,0.42924528301886794,0.49535803918538457,0.0,0.0,0.0,1.0,1.0
pfp357,636.0,0.006289308176100629,0.07911760176551691,0.0,0.0,0.0,0.0,1.0
pfp358,636.0,0.007861635220125786,0.08838615903241269,0.0,0.0,0.0,0.0,1.0
pfp359,636.0,0.0047169811320754715,0.06857203875187479,0.0,0.0,0.0,0.0,1.0
pfp360,636.0,0.02830188679245283,0.1659644494601883,0.0,0.0,0.0,0.0,1.0
pfp361,636.0,0.04716981132075472,0.21216879946203493,0.0,0.0,0.0,0.0,1.0
pfp362,636.0,0.029874213836477988,0.17037425195060263,0.0,0.0,0.0,0.0,1.0
pfp363,636.0,0.0031446540880503146,0.05603304272380745,0.0,0.0,0.0,0.0,1.0
pfp364,636.0,0.0047169811320754715,0.06857203875187479,0.0,0.0,0.0,0.0,1.0
pfp365,636.0,0.0015723270440251573,0.03965257928590721,0.0,0.0,0.0,0.0,1.0
pfp366,636.0,0.059748427672955975,0.23720670990903764,0.0,0.0,0.0,0.0,1.0
pfp367,636.0,0.040880503144654086,0.19816920678276886,0.0,0.0,0.0,0.0,1.0
pfp368,636.0,0.0047169811320754715,0.0685720387518748,0.0,0.0,0.0,0.0,1.0
pfp369,636.0,0.006289308176100629,0.07911760176551691,0.0,0.0,0.0,0.0,1.0
pfp370,636.0,0.009433962264150943,0.09674543450063515,0.0,0.0,0.0,0.0,1.0
pfp371,636.0,0.0047169811320754715,0.0685720387518748,0.0,0.0,0.0,0.0,1.0
pfp372,636.0,0.0110062893081761,0.10441404538551381,0.0,0.0,0.0,0.0,1.0
pfp373,636.0,0.0015723270440251573,0.0396525792859072,0.0,0.0,0.0,0.0,1.0
pfp374,636.0,0.0015723270440251573,0.03965257928590721,0.0,0.0,0.0,0.0,1.0
pfp375,636.0,0.02830188679245283,0.1659644494601883,0.0,0.0,0.0,0.0,1.0
pfp376,636.0,0.009433962264150943,0.09674543450063515,0.0,0.0,0.0,0.0,1.0
pfp377,636.0,0.007861635220125786,0.08838615903241269,0.0,0.0,0.0,0.0,1.0
pfp378,636.0,0.07075471698113207,0.25661649972375306,0.0,0.0,0.0,0.0,1.0
pfp379,636.0,0.006289308176100629,0.07911760176551691,0.0,0.0,0.0,0.0,1.0
pfp380,636.0,0.006289308176100629,0.07911760176551691,0.0,0.0,0.0,0.0,1.0
pfp381,636.0,0.026729559748427674,0.16141889304030382,0.0,0.0,0.0,0.0,1.0
pfp382,636.0,0.0047169811320754715,0.06857203875187479,0.0,0.0,0.0,0.0,1.0
pfp383,636.0,0.018867924528301886,0.13616562925933673,0.0,0.0,0.0,0.0,1.0
pfp384,636.0,0.0015723270440251573,0.0396525792859072,0.0,0.0,0.0,0.0,1.0
pfp385,636.0,0.007861635220125786,0.08838615903241269,0.0,0.0,0.0,0.0,1.0
pfp386,636.0,0.015723270440251572,0.12450068649589366,0.0,0.0,0.0,0.0,1.0
pfp387,636.0,0.0031446540880503146,0.05603304272380745,0.0,0.0,0.0,0.0,1.0
pfp388,636.0,0.0047169811320754715,0.06857203875187479,0.0,0.0,0.0,0.0,1.0
pfp389,636.0,0.11635220125786164,0.3208991724958677,0.0,0.0,0.0,0.0,1.0
pfp390,636.0,0.0015723270440251573,0.0396525792859072,0.0,0.0,0.0,0.0,1.0
pfp391,636.0,0.0031446540880503146,0.05603304272380745,0.0,0.0,0.0,0.0,1.0
pfp392,636.0,0.04559748427672956,0.2087747267866546,0.0,0.0,0.0,0.0,1.0
pfp393,636.0,0.012578616352201259,0.1115345437057834,0.0,0.0,0.0,0.0,1.0
pfp394,636.0,0.014150943396226415,0.1182060226654471,0.0,0.0,0.0,0.0,1.0
pfp395,636.0,0.0,0.0,0.0,0.0,0.0,0.0,0.0
pfp396,636.0,0.0,0.0,0.0,0.0,0.0,0.0,0.0
pfp397,636.0,0.007861635220125786,0.08838615903241269,0.0,0.0,0.0,0.0,1.0
pfp398,636.0,0.0047169811320754715,0.0685720387518748,0.0,0.0,0.0,0.0,1.0
pfp399,636.0,0.007861635220125786,0.08838615903241269,0.0,0.0,0.0,0.0,1.0
pfp400,636.0,0.0047169811320754715,0.06857203875187479,0.0,0.0,0.0,0.0,1.0
pfp401,636.0,0.03930817610062893,0.19448010888505732,0.0,0.0,0.0,0.0,1.0
pfp402,636.0,0.012578616352201259,0.11153454370578339,0.0,0.0,0.0,0.0,1.0
pfp403,636.0,0.0047169811320754715,0.06857203875187479,0.0,0.0,0.0,0.0,1.0
pfp404,636.0,0.006289308176100629,0.07911760176551691,0.0,0.0,0.0,0.0,1.0
pfp405,636.0,0.006289308176100629,0.07911760176551691,0.0,0.0,0.0,0.0,1.0
pfp406,636.0,0.015723270440251572,0.12450068649589366,0.0,0.0,0.0,0.0,1.0
pfp407,636.0,0.01729559748427673,0.13047308485029052,0.0,0.0,0.0,0.0,1.0
pfp408,636.0,0.006289308176100629,0.0791176017655169,0.0,0.0,0.0,0.0,1.0
pfp409,636.0,0.0015723270440251573,0.03965257928590721,0.0,0.0,0.0,0.0,1.0
pfp410,636.0,0.0047169811320754715,0.06857203875187479,0.0,0.0,0.0,0.0,1.0
pfp411,636.0,0.0031446540880503146,0.05603304272380745,0.0,0.0,0.0,0.0,1.0
pfp412,636.0,0.0110062893081761,0.1044140453855138,0.0,0.0,0.0,0.0,1.0
pfp413,636.0,0.0110062893081761,0.10441404538551381,0.0,0.0,0.0,0.0,1.0
pfp414,636.0,0.006289308176100629,0.07911760176551691,0.0,0.0,0.0,0.0,1.0
pfp415,636.0,0.006289308176100629,0.0791176017655169,0.0,0.0,0.0,0.0,1.0
pfp416,636.0,0.02358490566037736,0.15187140444579267,0.0,0.0,0.0,0.0,1.0
pfp417,636.0,0.006289308176100629,0.07911760176551691,0.0,0.0,0.0,0.0,1.0
pfp418,636.0,0.006289308176100629,0.07911760176551691,0.0,0.0,0.0,0.0,1.0
pfp419,636.0,0.0047169811320754715,0.06857203875187479,0.0,0.0,0.0,0.0,1.0
pfp420,636.0,0.0880503144654088,0.2835910951978068,0.0,0.0,0.0,0.0,1.0
pfp421,636.0,0.0015723270440251573,0.03965257928590721,0.0,0.0,0.0,0.0,1.0
pfp422,636.0,0.0047169811320754715,0.06857203875187479,0.0,0.0,0.0,0.0,1.0
pfp423,636.0,0.006289308176100629,0.07911760176551691,0.0,0.0,0.0,0.0,1.0
pfp424,636.0,0.0015723270440251573,0.03965257928590721,0.0,0.0,0.0,0.0,1.0
pfp425,636.0,0.006289308176100629,0.07911760176551691,0.0,0.0,0.0,0.0,1.0
pfp426,636.0,0.0031446540880503146,0.05603304272380745,0.0,0.0,0.0,0.0,1.0
pfp427,636.0,0.012578616352201259,0.1115345437057834,0.0,0.0,0.0,0.0,1.0
pfp428,636.0,0.04245283018867924,0.2017786016175094,0.0,0.0,0.0,0.0,1.0
pfp429,636.0,0.04245283018867924,0.2017786016175094,0.0,0.0,0.0,0.0,1.0
pfp430,636.0,0.0220125786163522,0.14683980182697184,0.0,0.0,0.0,0.0,1.0
pfp431,636.0,0.006289308176100629,0.0791176017655169,0.0,0.0,0.0,0.0,1.0
pfp432,636.0,0.026729559748427674,0.16141889304030382,0.0,0.0,0.0,0.0,1.0
pfp433,636.0,0.0330188679245283,0.17882646219295587,0.0,0.0,0.0,0.0,1.0
pfp434,636.0,0.006289308176100629,0.0791176017655169,0.0,0.0,0.0,0.0,1.0
pfp435,636.0,0.007861635220125786,0.08838615903241269,0.0,0.0,0.0,0.0,1.0
pfp436,636.0,0.009433962264150943,0.09674543450063514,0.0,0.0,0.0,0.0,1.0
pfp437,636.0,0.014150943396226415,0.1182060226654471,0.0,0.0,0.0,0.0,1.0
pfp438,636.0,0.0015723270440251573,0.03965257928590721,0.0,0.0,0.0,0.0,1.0
pfp439,636.0,0.0015723270440251573,0.0396525792859072,0.0,0.0,0.0,0.0,1.0
pfp440,636.0,0.007861635220125786,0.08838615903241269,0.0,0.0,0.0,0.0,1.0
pfp441,636.0,0.006289308176100629,0.07911760176551691,0.0,0.0,0.0,0.0,1.0
pfp442,636.0,0.009433962264150943,0.09674543450063514,0.0,0.0,0.0,0.0,1.0
pfp443,636.0,0.006289308176100629,0.0791176017655169,0.0,0.0,0.0,0.0,1.0
pfp444,636.0,0.0047169811320754715,0.0685720387518748,0.0,0.0,0.0,0.0,1.0
pfp445,636.0,0.0031446540880503146,0.05603304272380745,0.0,0.0,0.0,0.0,1.0
pfp446,636.0,0.0015723270440251573,0.0396525792859072,0.0,0.0,0.0,0.0,1.0
pfp447,636.0,0.0015723270440251573,0.0396525792859072,0.0,0.0,0.0,0.0,1.0
pfp448,636.0,0.02358490566037736,0.15187140444579267,0.0,0.0,0.0,0.0,1.0
pfp449,636.0,0.0,0.0,0.0,0.0,0.0,0.0,0.0
pfp450,636.0,0.0110062893081761,0.1044140453855138,0.0,0.0,0.0,0.0,1.0
pfp451,636.0,0.01729559748427673,0.13047308485029052,0.0,0.0,0.0,0.0,1.0
pfp452,636.0,0.018867924528301886,0.13616562925933673,0.0,0.0,0.0,0.0,1.0
pfp453,636.0,0.0047169811320754715,0.0685720387518748,0.0,0.0,0.0,0.0,1.0
pfp454,636.0,0.012578616352201259,0.1115345437057834,0.0,0.0,0.0,0.0,1.0
pfp455,636.0,0.0047169811320754715,0.06857203875187479,0.0,0.0,0.0,0.0,1.0
pfp456,636.0,0.03459119496855346,0.1828858501636085,0.0,0.0,0.0,0.0,1.0
pfp457,636.0,0.009433962264150943,0.09674543450063515,0.0,0.0,0.0,0.0,1.0
pfp458,636.0,0.007861635220125786,0.08838615903241269,0.0,0.0,0.0,0.0,1.0
pfp459,636.0,0.0031446540880503146,0.05603304272380744,0.0,0.0,0.0,0.0,1.0
pfp460,636.0,0.012578616352201259,0.1115345437057834,0.0,0.0,0.0,0.0,1.0
pfp461,636.0,0.007861635220125786,0.08838615903241269,0.0,0.0,0.0,0.0,1.0
pfp462,636.0,0.0031446540880503146,0.05603304272380745,0.0,0.0,0.0,0.0,1.0
pfp463,636.0,0.01729559748427673,0.13047308485029052,0.0,0.0,0.0,0.0,1.0
pfp464,636.0,0.0015723270440251573,0.0396525792859072,0.0,0.0,0.0,0.0,1.0
pfp465,636.0,0.0015723270440251573,0.0396525792859072,0.0,0.0,0.0,0.0,1.0
pfp466,636.0,0.0015723270440251573,0.03965257928590721,0.0,0.0,0.0,0.0,1.0
pfp467,636.0,0.0015723270440251573,0.03965257928590721,0.0,0.0,0.0,0.0,1.0
pfp468,636.0,0.0015723270440251573,0.0396525792859072,0.0,0.0,0.0,0.0,1.0
pfp469,636.0,0.0110062893081761,0.10441404538551381,0.0,0.0,0.0,0.0,1.0
pfp470,636.0,0.012578616352201259,0.1115345437057834,0.0,0.0,0.0,0.0,1.0
pfp471,636.0,0.01729559748427673,0.13047308485029052,0.0,0.0,0.0,0.0,1.0
pfp472,636.0,0.007861635220125786,0.08838615903241269,0.0,0.0,0.0,0.0,1.0
pfp473,636.0,0.029874213836477988,0.17037425195060263,0.0,0.0,0.0,0.0,1.0
pfp474,636.0,0.0047169811320754715,0.06857203875187479,0.0,0.0,0.0,0.0,1.0
pfp475,636.0,0.007861635220125786,0.08838615903241269,0.0,0.0,0.0,0.0,1.0
pfp476,636.0,0.007861635220125786,0.08838615903241269,0.0,0.0,0.0,0.0,1.0
pfp477,636.0,0.0,0.0,0.0,0.0,0.0,0.0,0.0
pfp478,636.0,0.006289308176100629,0.07911760176551691,0.0,0.0,0.0,0.0,1.0
pfp479,636.0,0.009433962264150943,0.09674543450063515,0.0,0.0,0.0,0.0,1.0
pfp480,636.0,0.012578616352201259,0.1115345437057834,0.0,0.0,0.0,0.0,1.0
pfp481,636.0,0.0031446540880503146,0.05603304272380745,0.0,0.0,0.0,0.0,1.0
pfp482,636.0,0.02358490566037736,0.1518714044457927,0.0,0.0,0.0,0.0,1.0
pfp483,636.0,0.0,0.0,0.0,0.0,0.0,0.0,0.0
pfp484,636.0,0.012578616352201259,0.1115345437057834,0.0,0.0,0.0,0.0,1.0
pfp485,636.0,0.01729559748427673,0.13047308485029052,0.0,0.0,0.0,0.0,1.0
pfp486,636.0,0.014150943396226415,0.1182060226654471,0.0,0.0,0.0,0.0,1.0
pfp487,636.0,0.006289308176100629,0.0791176017655169,0.0,0.0,0.0,0.0,1.0
pfp488,636.0,0.0047169811320754715,0.06857203875187479,0.0,0.0,0.0,0.0,1.0
pfp489,636.0,0.0047169811320754715,0.06857203875187479,0.0,0.0,0.0,0.0,1.0
pfp490,636.0,0.0047169811320754715,0.0685720387518748,0.0,0.0,0.0,0.0,1.0
pfp491,636.0,0.0047169811320754715,0.06857203875187479,0.0,0.0,0.0,0.0,1.0
pfp492,636.0,0.012578616352201259,0.11153454370578339,0.0,0.0,0.0,0.0,1.0
pfp493,636.0,0.02830188679245283,0.1659644494601883,0.0,0.0,0.0,0.0,1.0
pfp494,636.0,0.015723270440251572,0.12450068649589366,0.0,0.0,0.0,0.0,1.0
pfp495,636.0,0.0220125786163522,0.14683980182697184,0.0,0.0,0.0,0.0,1.0
pfp496,636.0,0.009433962264150943,0.09674543450063514,0.0,0.0,0.0,0.0,1.0
pfp497,636.0,0.0110062893081761,0.10441404538551381,0.0,0.0,0.0,0.0,1.0
pfp498,636.0,0.020440251572327043,0.14161207258446892,0.0,0.0,0.0,0.0,1.0
pfp499,636.0,0.0047169811320754715,0.06857203875187479,0.0,0.0,0.0,0.0,1.0
pfp500,636.0,0.009433962264150943,0.09674543450063514,0.0,0.0,0.0,0.0,1.0
pfp501,636.0,0.006289308176100629,0.0791176017655169,0.0,0.0,0.0,0.0,1.0
pfp502,636.0,0.006289308176100629,0.07911760176551691,0.0,0.0,0.0,0.0,1.0
pfp503,636.0,0.012578616352201259,0.11153454370578339,0.0,0.0,0.0,0.0,1.0
pfp504,636.0,0.015723270440251572,0.12450068649589366,0.0,0.0,0.0,0.0,1.0
pfp505,636.0,0.0031446540880503146,0.05603304272380745,0.0,0.0,0.0,0.0,1.0
pfp506,636.0,0.0031446540880503146,0.05603304272380745,0.0,0.0,0.0,0.0,1.0
pfp507,636.0,0.0031446540880503146,0.05603304272380745,0.0,0.0,0.0,0.0,1.0
pfp508,636.0,0.0110062893081761,0.1044140453855138,0.0,0.0,0.0,0.0,1.0
pfp509,636.0,0.0,0.0,0.0,0.0,0.0,0.0,0.0
pfp510,636.0,0.0031446540880503146,0.05603304272380744,0.0,0.0,0.0,0.0,1.0
pfp511,636.0,0.029874213836477988,0.17037425195060263,0.0,0.0,0.0,0.0,1.0
pfp512,636.0,0.0330188679245283,0.17882646219295587,0.0,0.0,0.0,0.0,1.0
pfp513,636.0,0.0015723270440251573,0.03965257928590721,0.0,0.0,0.0,0.0,1.0
pfp514,636.0,0.0015723270440251573,0.0396525792859072,0.0,0.0,0.0,0.0,1.0
pfp515,636.0,0.0015723270440251573,0.03965257928590721,0.0,0.0,0.0,0.0,1.0
pfp516,636.0,0.007861635220125786,0.08838615903241269,0.0,0.0,0.0,0.0,1.0
pfp517,636.0,0.006289308176100629,0.0791176017655169,0.0,0.0,0.0,0.0,1.0
pfp518,636.0,0.009433962264150943,0.09674543450063514,0.0,0.0,0.0,0.0,1.0
pfp519,636.0,0.0031446540880503146,0.05603304272380744,0.0,0.0,0.0,0.0,1.0
pfp520,636.0,0.026729559748427674,0.16141889304030382,0.0,0.0,0.0,0.0,1.0
pfp521,636.0,0.007861635220125786,0.08838615903241269,0.0,0.0,0.0,0.0,1.0
pfp522,636.0,0.007861635220125786,0.08838615903241269,0.0,0.0,0.0,0.0,1.0
pfp523,636.0,0.007861635220125786,0.08838615903241269,0.0,0.0,0.0,0.0,1.0
pfp524,636.0,0.012578616352201259,0.11153454370578339,0.0,0.0,0.0,0.0,1.0
pfp525,636.0,0.0015723270440251573,0.03965257928590721,0.0,0.0,0.0,0.0,1.0
pfp526,636.0,0.015723270440251572,0.12450068649589366,0.0,0.0,0.0,0.0,1.0
pfp527,636.0,0.0031446540880503146,0.05603304272380745,0.0,0.0,0.0,0.0,1.0
pfp528,636.0,0.0031446540880503146,0.05603304272380744,0.0,0.0,0.0,0.0,1.0
pfp529,636.0,0.0047169811320754715,0.06857203875187479,0.0,0.0,0.0,0.0,1.0
pfp530,636.0,0.018867924528301886,0.13616562925933673,0.0,0.0,0.0,0.0,1.0
pfp531,636.0,0.009433962264150943,0.09674543450063515,0.0,0.0,0.0,0.0,1.0
pfp532,636.0,0.0047169811320754715,0.0685720387518748,0.0,0.0,0.0,0.0,1.0
pfp533,636.0,0.0047169811320754715,0.06857203875187479,0.0,0.0,0.0,0.0,1.0
pfp534,636.0,0.0031446540880503146,0.05603304272380745,0.0,0.0,0.0,0.0,1.0
pfp535,636.0,0.0,0.0,0.0,0.0,0.0,0.0,0.0
pfp536,636.0,0.0,0.0,0.0,0.0,0.0,0.0,0.0
pfp537,636.0,0.006289308176100629,0.0791176017655169,0.0,0.0,0.0,0.0,1.0
pfp538,636.0,0.0031446540880503146,0.05603304272380745,0.0,0.0,0.0,0.0,1.0
pfp539,636.0,0.0031446540880503146,0.05603304272380745,0.0,0.0,0.0,0.0,1.0
pfp540,636.0,0.04874213836477988,0.21549793542936282,0.0,0.0,0.0,0.0,1.0
pfp541,636.0,0.0220125786163522,0.14683980182697184,0.0,0.0,0.0,0.0,1.0
pfp542,636.0,0.0,0.0,0.0,0.0,0.0,0.0,0.0
pfp543,636.0,0.0015723270440251573,0.03965257928590721,0.0,0.0,0.0,0.0,1.0
pfp544,636.0,0.0031446540880503146,0.05603304272380745,0.0,0.0,0.0,0.0,1.0
pfp545,636.0,0.0031446540880503146,0.05603304272380745,0.0,0.0,0.0,0.0,1.0
pfp546,636.0,0.006289308176100629,0.07911760176551691,0.0,0.0,0.0,0.0,1.0
pfp547,636.0,0.0031446540880503146,0.05603304272380745,0.0,0.0,0.0,0.0,1.0
pfp548,636.0,0.0031446540880503146,0.05603304272380745,0.0,0.0,0.0,0.0,1.0
pfp549,636.0,0.0220125786163522,0.14683980182697184,0.0,0.0,0.0,0.0,1.0
pfp550,636.0,0.014150943396226415,0.1182060226654471,0.0,0.0,0.0,0.0,1.0
pfp551,636.0,0.006289308176100629,0.0791176017655169,0.0,0.0,0.0,0.0,1.0
pfp552,636.0,0.0015723270440251573,0.03965257928590721,0.0,0.0,0.0,0.0,1.0
pfp553,636.0,0.0031446540880503146,0.05603304272380744,0.0,0.0,0.0,0.0,1.0
pfp554,636.0,0.009433962264150943,0.09674543450063514,0.0,0.0,0.0,0.0,1.0
pfp555,636.0,0.006289308176100629,0.0791176017655169,0.0,0.0,0.0,0.0,1.0
pfp556,636.0,0.0031446540880503146,0.05603304272380745,0.0,0.0,0.0,0.0,1.0
pfp557,636.0,0.012578616352201259,0.1115345437057834,0.0,0.0,0.0,0.0,1.0
pfp558,636.0,0.012578616352201259,0.1115345437057834,0.0,0.0,0.0,0.0,1.0
pfp559,636.0,0.006289308176100629,0.07911760176551691,0.0,0.0,0.0,0.0,1.0
pfp560,636.0,0.0015723270440251573,0.03965257928590721,0.0,0.0,0.0,0.0,1.0
pfp561,636.0,0.11006289308176101,0.31321446825593047,0.0,0.0,0.0,0.0,1.0
pfp562,636.0,0.029874213836477988,0.17037425195060266,0.0,0.0,0.0,0.0,1.0
pfp563,636.0,0.0015723270440251573,0.0396525792859072,0.0,0.0,0.0,0.0,1.0
pfp564,636.0,0.0015723270440251573,0.03965257928590721,0.0,0.0,0.0,0.0,1.0
pfp565,636.0,0.006289308176100629,0.0791176017655169,0.0,0.0,0.0,0.0,1.0
pfp566,636.0,0.0031446540880503146,0.05603304272380745,0.0,0.0,0.0,0.0,1.0
pfp567,636.0,0.012578616352201259,0.11153454370578339,0.0,0.0,0.0,0.0,1.0
pfp568,636.0,0.0110062893081761,0.10441404538551381,0.0,0.0,0.0,0.0,1.0
pfp569,636.0,0.007861635220125786,0.08838615903241269,0.0,0.0,0.0,0.0,1.0
pfp570,636.0,0.009433962264150943,0.09674543450063514,0.0,0.0,0.0,0.0,1.0
pfp571,636.0,0.0031446540880503146,0.05603304272380745,0.0,0.0,0.0,0.0,1.0
pfp572,636.0,0.0047169811320754715,0.0685720387518748,0.0,0.0,0.0,0.0,1.0
pfp573,636.0,0.014150943396226415,0.11820602266544708,0.0,0.0,0.0,0.0,1.0
pfp574,636.0,0.029874213836477988,0.17037425195060263,0.0,0.0,0.0,0.0,1.0
pfp575,636.0,0.014150943396226415,0.1182060226654471,0.0,0.0,0.0,0.0,1.0
pfp576,636.0,0.006289308176100629,0.0791176017655169,0.0,0.0,0.0,0.0,1.0
pfp577,636.0,0.0031446540880503146,0.05603304272380745,0.0,0.0,0.0,0.0,1.0
pfp578,636.0,0.0770440251572327,0.2668711764698218,0.0,0.0,0.0,0.0,1.0
pfp579,636.0,0.06446540880503145,0.24577346409236006,0.0,0.0,0.0,0.0,1.0
pfp580,636.0,0.0047169811320754715,0.06857203875187479,0.0,0.0,0.0,0.0,1.0
pfp581,636.0,0.0047169811320754715,0.06857203875187479,0.0,0.0,0.0,0.0,1.0
pfp582,636.0,0.007861635220125786,0.08838615903241269,0.0,0.0,0.0,0.0,1.0
pfp583,636.0,0.026729559748427674,0.16141889304030382,0.0,0.0,0.0,0.0,1.0
pfp584,636.0,0.0015723270440251573,0.039652579285907215,0.0,0.0,0.0,0.0,1.0
pfp585,636.0,0.007861635220125786,0.08838615903241269,0.0,0.0,0.0,0.0,1.0
pfp586,636.0,0.0047169811320754715,0.06857203875187479,0.0,0.0,0.0,0.0,1.0
pfp587,636.0,0.009433962264150943,0.09674543450063514,0.0,0.0,0.0,0.0,1.0
pfp588,636.0,0.0031446540880503146,0.05603304272380745,0.0,0.0,0.0,0.0,1.0
pfp589,636.0,0.007861635220125786,0.08838615903241269,0.0,0.0,0.0,0.0,1.0
pfp590,636.0,0.014150943396226415,0.11820602266544708,0.0,0.0,0.0,0.0,1.0
pfp591,636.0,0.1320754716981132,0.3388392887290247,0.0,0.0,0.0,0.0,1.0
pfp592,636.0,0.0110062893081761,0.10441404538551381,0.0,0.0,0.0,0.0,1.0
pfp593,636.0,0.0047169811320754715,0.06857203875187479,0.0,0.0,0.0,0.0,1.0
pfp594,636.0,0.009433962264150943,0.09674543450063515,0.0,0.0,0.0,0.0,1.0
pfp595,636.0,0.014150943396226415,0.1182060226654471,0.0,0.0,0.0,0.0,1.0
pfp596,636.0,0.0047169811320754715,0.0685720387518748,0.0,0.0,0.0,0.0,1.0
pfp597,636.0,0.012578616352201259,0.11153454370578339,0.0,0.0,0.0,0.0,1.0
pfp598,636.0,0.015723270440251572,0.12450068649589366,0.0,0.0,0.0,0.0,1.0
pfp599,636.0,0.007861635220125786,0.08838615903241269,0.0,0.0,0.0,0.0,1.0
pfp600,636.0,0.006289308176100629,0.07911760176551691,0.0,0.0,0.0,0.0,1.0
pfp601,636.0,0.014150943396226415,0.1182060226654471,0.0,0.0,0.0,0.0,1.0
pfp602,636.0,0.007861635220125786,0.08838615903241269,0.0,0.0,0.0,0.0,1.0
pfp603,636.0,0.0047169811320754715,0.06857203875187479,0.0,0.0,0.0,0.0,1.0
pfp604,636.0,0.0015723270440251573,0.0396525792859072,0.0,0.0,0.0,0.0,1.0
pfp605,636.0,0.007861635220125786,0.08838615903241269,0.0,0.0,0.0,0.0,1.0
pfp606,636.0,0.015723270440251572,0.12450068649589366,0.0,0.0,0.0,0.0,1.0
pfp607,636.0,0.0110062893081761,0.1044140453855138,0.0,0.0,0.0,0.0,1.0
pfp608,636.0,0.006289308176100629,0.07911760176551691,0.0,0.0,0.0,0.0,1.0
pfp609,636.0,0.0047169811320754715,0.0685720387518748,0.0,0.0,0.0,0.0,1.0
pfp610,636.0,0.009433962264150943,0.09674543450063514,0.0,0.0,0.0,0.0,1.0
pfp611,636.0,0.0031446540880503146,0.05603304272380745,0.0,0.0,0.0,0.0,1.0
pfp612,636.0,0.0015723270440251573,0.03965257928590721,0.0,0.0,0.0,0.0,1.0
pfp613,636.0,0.006289308176100629,0.0791176017655169,0.0,0.0,0.0,0.0,1.0
pfp614,636.0,0.009433962264150943,0.09674543450063515,0.0,0.0,0.0,0.0,1.0
pfp615,636.0,0.0047169811320754715,0.0685720387518748,0.0,0.0,0.0,0.0,1.0
pfp616,636.0,0.0031446540880503146,0.05603304272380745,0.0,0.0,0.0,0.0,1.0
pfp617,636.0,0.018867924528301886,0.13616562925933673,0.0,0.0,0.0,0.0,1.0
pfp618,636.0,0.0,0.0,0.0,0.0,0.0,0.0,0.0
pfp619,636.0,0.0,0.0,0.0,0.0,0.0,0.0,0.0
pfp620,636.0,0.0015723270440251573,0.03965257928590721,0.0,0.0,0.0,0.0,1.0
pfp621,636.0,0.026729559748427674,0.16141889304030382,0.0,0.0,0.0,0.0,1.0
pfp622,636.0,0.009433962264150943,0.09674543450063515,0.0,0.0,0.0,0.0,1.0
pfp623,636.0,0.0,0.0,0.0,0.0,0.0,0.0,0.0
pfp624,636.0,0.006289308176100629,0.0791176017655169,0.0,0.0,0.0,0.0,1.0
pfp625,636.0,0.012578616352201259,0.11153454370578339,0.0,0.0,0.0,0.0,1.0
pfp626,636.0,0.0047169811320754715,0.06857203875187479,0.0,0.0,0.0,0.0,1.0
pfp627,636.0,0.0,0.0,0.0,0.0,0.0,0.0,0.0
pfp628,636.0,0.0031446540880503146,0.05603304272380745,0.0,0.0,0.0,0.0,1.0
pfp629,636.0,0.0110062893081761,0.1044140453855138,0.0,0.0,0.0,0.0,1.0
pfp630,636.0,0.0110062893081761,0.10441404538551381,0.0,0.0,0.0,0.0,1.0
pfp631,636.0,0.0110062893081761,0.10441404538551381,0.0,0.0,0.0,0.0,1.0
pfp632,636.0,0.0047169811320754715,0.0685720387518748,0.0,0.0,0.0,0.0,1.0
pfp633,636.0,0.0015723270440251573,0.03965257928590721,0.0,0.0,0.0,0.0,1.0
pfp634,636.0,0.0047169811320754715,0.06857203875187479,0.0,0.0,0.0,0.0,1.0
pfp635,636.0,0.0031446540880503146,0.05603304272380745,0.0,0.0,0.0,0.0,1.0
pfp636,636.0,0.055031446540880505,0.2282211228158374,0.0,0.0,0.0,0.0,1.0
pfp637,636.0,0.018867924528301886,0.13616562925933673,0.0,0.0,0.0,0.0,1.0
pfp638,636.0,0.006289308176100629,0.07911760176551691,0.0,0.0,0.0,0.0,1.0
pfp639,636.0,0.0031446540880503146,0.05603304272380744,0.0,0.0,0.0,0.0,1.0
pfp640,636.0,0.007861635220125786,0.08838615903241269,0.0,0.0,0.0,0.0,1.0
pfp641,636.0,0.0110062893081761,0.1044140453855138,0.0,0.0,0.0,0.0,1.0
pfp642,636.0,0.0,0.0,0.0,0.0,0.0,0.0,0.0
pfp643,636.0,0.0015723270440251573,0.03965257928590721,0.0,0.0,0.0,0.0,1.0
pfp644,636.0,0.0031446540880503146,0.05603304272380744,0.0,0.0,0.0,0.0,1.0
pfp645,636.0,0.012578616352201259,0.1115345437057834,0.0,0.0,0.0,0.0,1.0
pfp646,636.0,0.006289308176100629,0.07911760176551691,0.0,0.0,0.0,0.0,1.0
pfp647,636.0,0.015723270440251572,0.12450068649589366,0.0,0.0,0.0,0.0,1.0
pfp648,636.0,0.0015723270440251573,0.0396525792859072,0.0,0.0,0.0,0.0,1.0
pfp649,636.0,0.007861635220125786,0.08838615903241269,0.0,0.0,0.0,0.0,1.0
pfp650,636.0,0.27358490566037735,0.4461492748585853,0.0,0.0,0.0,1.0,1.0
pfp651,636.0,0.006289308176100629,0.07911760176551691,0.0,0.0,0.0,0.0,1.0
pfp652,636.0,0.012578616352201259,0.1115345437057834,0.0,0.0,0.0,0.0,1.0
pfp653,636.0,0.0031446540880503146,0.05603304272380745,0.0,0.0,0.0,0.0,1.0
pfp654,636.0,0.0031446540880503146,0.05603304272380745,0.0,0.0,0.0,0.0,1.0
pfp655,636.0,0.0031446540880503146,0.05603304272380745,0.0,0.0,0.0,0.0,1.0
pfp656,636.0,0.03459119496855346,0.1828858501636085,0.0,0.0,0.0,0.0,1.0
pfp657,636.0,0.006289308176100629,0.07911760176551691,0.0,0.0,0.0,0.0,1.0
pfp658,636.0,0.006289308176100629,0.07911760176551691,0.0,0.0,0.0,0.0,1.0
pfp659,636.0,0.18081761006289307,0.3851699182102903,0.0,0.0,0.0,0.0,1.0
pfp660,636.0,0.0015723270440251573,0.03965257928590721,0.0,0.0,0.0,0.0,1.0
pfp661,636.0,0.02358490566037736,0.15187140444579267,0.0,0.0,0.0,0.0,1.0
pfp662,636.0,0.0047169811320754715,0.06857203875187479,0.0,0.0,0.0,0.0,1.0
pfp663,636.0,0.0110062893081761,0.1044140453855138,0.0,0.0,0.0,0.0,1.0
pfp664,636.0,0.007861635220125786,0.08838615903241269,0.0,0.0,0.0,0.0,1.0
pfp665,636.0,0.0015723270440251573,0.0396525792859072,0.0,0.0,0.0,0.0,1.0
pfp666,636.0,0.018867924528301886,0.13616562925933676,0.0,0.0,0.0,0.0,1.0
pfp667,636.0,0.018867924528301886,0.13616562925933673,0.0,0.0,0.0,0.0,1.0
pfp668,636.0,0.015723270440251572,0.12450068649589366,0.0,0.0,0.0,0.0,1.0
pfp669,636.0,0.0015723270440251573,0.039652579285907215,0.0,0.0,0.0,0.0,1.0
pfp670,636.0,0.0031446540880503146,0.05603304272380744,0.0,0.0,0.0,0.0,1.0
pfp671,636.0,0.0015723270440251573,0.03965257928590721,0.0,0.0,0.0,0.0,1.0
pfp672,636.0,0.007861635220125786,0.08838615903241269,0.0,0.0,0.0,0.0,1.0
pfp673,636.0,0.020440251572327043,0.14161207258446892,0.0,0.0,0.0,0.0,1.0
pfp674,636.0,0.036163522012578615,0.18684381870567937,0.0,0.0,0.0,0.0,1.0
pfp675,636.0,0.009433962264150943,0.09674543450063514,0.0,0.0,0.0,0.0,1.0
pfp676,636.0,0.007861635220125786,0.08838615903241269,0.0,0.0,0.0,0.0,1.0
pfp677,636.0,0.007861635220125786,0.08838615903241269,0.0,0.0,0.0,0.0,1.0
pfp678,636.0,0.014150943396226415,0.1182060226654471,0.0,0.0,0.0,0.0,1.0
pfp679,636.0,0.012578616352201259,0.1115345437057834,0.0,0.0,0.0,0.0,1.0
pfp680,636.0,0.012578616352201259,0.1115345437057834,0.0,0.0,0.0,0.0,1.0
pfp681,636.0,0.0015723270440251573,0.0396525792859072,0.0,0.0,0.0,0.0,1.0
pfp682,636.0,0.0047169811320754715,0.06857203875187479,0.0,0.0,0.0,0.0,1.0
pfp683,636.0,0.0031446540880503146,0.05603304272380745,0.0,0.0,0.0,0.0,1.0
pfp684,636.0,0.015723270440251572,0.12450068649589366,0.0,0.0,0.0,0.0,1.0
pfp685,636.0,0.0047169811320754715,0.06857203875187479,0.0,0.0,0.0,0.0,1.0
pfp686,636.0,0.01729559748427673,0.13047308485029052,0.0,0.0,0.0,0.0,1.0
pfp687,636.0,0.009433962264150943,0.09674543450063514,0.0,0.0,0.0,0.0,1.0
pfp688,636.0,0.0,0.0,0.0,0.0,0.0,0.0,0.0
pfp689,636.0,0.0031446540880503146,0.05603304272380745,0.0,0.0,0.0,0.0,1.0
pfp690,636.0,0.006289308176100629,0.07911760176551691,0.0,0.0,0.0,0.0,1.0
pfp691,636.0,0.018867924528301886,0.13616562925933673,0.0,0.0,0.0,0.0,1.0
pfp692,636.0,0.026729559748427674,0.16141889304030382,0.0,0.0,0.0,0.0,1.0
pfp693,636.0,0.0110062893081761,0.10441404538551381,0.0,0.0,0.0,0.0,1.0
pfp694,636.0,0.09276729559748427,0.29033439737450406,0.0,0.0,0.0,0.0,1.0
pfp695,636.0,0.21226415094339623,0.40923269783894073,0.0,0.0,0.0,0.0,1.0
pfp696,636.0,0.0,0.0,0.0,0.0,0.0,0.0,0.0
pfp697,636.0,0.0047169811320754715,0.06857203875187479,0.0,0.0,0.0,0.0,1.0
pfp698,636.0,0.10849056603773585,0.31124376082263505,0.0,0.0,0.0,0.0,1.0
pfp699,636.0,0.018867924528301886,0.13616562925933676,0.0,0.0,0.0,0.0,1.0
pfp700,636.0,0.009433962264150943,0.09674543450063515,0.0,0.0,0.0,0.0,1.0
pfp701,636.0,0.009433962264150943,0.09674543450063514,0.0,0.0,0.0,0.0,1.0
pfp702,636.0,0.015723270440251572,0.12450068649589366,0.0,0.0,0.0,0.0,1.0
pfp703,636.0,0.01729559748427673,0.13047308485029052,0.0,0.0,0.0,0.0,1.0
pfp704,636.0,0.007861635220125786,0.08838615903241269,0.0,0.0,0.0,0.0,1.0
pfp705,636.0,0.02358490566037736,0.1518714044457927,0.0,0.0,0.0,0.0,1.0
pfp706,636.0,0.0031446540880503146,0.05603304272380745,0.0,0.0,0.0,0.0,1.0
pfp707,636.0,0.018867924528301886,0.13616562925933673,0.0,0.0,0.0,0.0,1.0
pfp708,636.0,0.0,0.0,0.0,0.0,0.0,0.0,0.0
pfp709,636.0,0.006289308176100629,0.07911760176551691,0.0,0.0,0.0,0.0,1.0
pfp710,636.0,0.014150943396226415,0.1182060226654471,0.0,0.0,0.0,0.0,1.0
pfp711,636.0,0.007861635220125786,0.08838615903241269,0.0,0.0,0.0,0.0,1.0
pfp712,636.0,0.0047169811320754715,0.06857203875187479,0.0,0.0,0.0,0.0,1.0
pfp713,636.0,0.012578616352201259,0.1115345437057834,0.0,0.0,0.0,0.0,1.0
pfp714,636.0,0.015723270440251572,0.12450068649589366,0.0,0.0,0.0,0.0,1.0
pfp715,636.0,0.06918238993710692,0.25396377335672565,0.0,0.0,0.0,0.0,1.0
pfp716,636.0,0.006289308176100629,0.07911760176551691,0.0,0.0,0.0,0.0,1.0
pfp717,636.0,0.0031446540880503146,0.05603304272380745,0.0,0.0,0.0,0.0,1.0
pfp718,636.0,0.02358490566037736,0.15187140444579267,0.0,0.0,0.0,0.0,1.0
pfp719,636.0,0.0031446540880503146,0.05603304272380745,0.0,0.0,0.0,0.0,1.0
pfp720,636.0,0.009433962264150943,0.09674543450063514,0.0,0.0,0.0,0.0,1.0
pfp721,636.0,0.01729559748427673,0.13047308485029052,0.0,0.0,0.0,0.0,1.0
pfp722,636.0,0.0047169811320754715,0.0685720387518748,0.0,0.0,0.0,0.0,1.0
pfp723,636.0,0.026729559748427674,0.16141889304030382,0.0,0.0,0.0,0.0,1.0
pfp724,636.0,0.0110062893081761,0.10441404538551381,0.0,0.0,0.0,0.0,1.0
pfp725,636.0,0.0110062893081761,0.10441404538551381,0.0,0.0,0.0,0.0,1.0
pfp726,636.0,0.3380503144654088,0.4734180992284371,0.0,0.0,0.0,1.0,1.0
pfp727,636.0,0.0031446540880503146,0.05603304272380745,0.0,0.0,0.0,0.0,1.0
pfp728,636.0,0.0440251572327044,0.2053124969731776,0.0,0.0,0.0,0.0,1.0
pfp729,636.0,0.006289308176100629,0.07911760176551691,0.0,0.0,0.0,0.0,1.0
pfp730,636.0,0.0330188679245283,0.17882646219295587,0.0,0.0,0.0,0.0,1.0
pfp731,636.0,0.009433962264150943,0.09674543450063514,0.0,0.0,0.0,0.0,1.0
pfp732,636.0,0.007861635220125786,0.08838615903241269,0.0,0.0,0.0,0.0,1.0
pfp733,636.0,0.007861635220125786,0.08838615903241269,0.0,0.0,0.0,0.0,1.0
pfp734,636.0,0.009433962264150943,0.09674543450063514,0.0,0.0,0.0,0.0,1.0
pfp735,636.0,0.0031446540880503146,0.05603304272380744,0.0,0.0,0.0,0.0,1.0
pfp736,636.0,0.012578616352201259,0.1115345437057834,0.0,0.0,0.0,0.0,1.0
pfp737,636.0,0.015723270440251572,0.12450068649589366,0.0,0.0,0.0,0.0,1.0
pfp738,636.0,0.0015723270440251573,0.03965257928590721,0.0,0.0,0.0,0.0,1.0
pfp739,636.0,0.020440251572327043,0.14161207258446892,0.0,0.0,0.0,0.0,1.0
pfp740,636.0,0.015723270440251572,0.12450068649589366,0.0,0.0,0.0,0.0,1.0
pfp741,636.0,0.006289308176100629,0.07911760176551691,0.0,0.0,0.0,0.0,1.0
pfp742,636.0,0.0047169811320754715,0.06857203875187479,0.0,0.0,0.0,0.0,1.0
pfp743,636.0,0.006289308176100629,0.07911760176551691,0.0,0.0,0.0,0.0,1.0
pfp744,636.0,0.0015723270440251573,0.03965257928590721,0.0,0.0,0.0,0.0,1.0
pfp745,636.0,0.04559748427672956,0.2087747267866546,0.0,0.0,0.0,0.0,1.0
pfp746,636.0,0.007861635220125786,0.08838615903241269,0.0,0.0,0.0,0.0,1.0
pfp747,636.0,0.0015723270440251573,0.0396525792859072,0.0,0.0,0.0,0.0,1.0
pfp748,636.0,0.006289308176100629,0.07911760176551691,0.0,0.0,0.0,0.0,1.0
pfp749,636.0,0.006289308176100629,0.07911760176551691,0.0,0.0,0.0,0.0,1.0
pfp750,636.0,0.014150943396226415,0.11820602266544708,0.0,0.0,0.0,0.0,1.0
pfp751,636.0,0.0047169811320754715,0.0685720387518748,0.0,0.0,0.0,0.0,1.0
pfp752,636.0,0.0015723270440251573,0.039652579285907215,0.0,0.0,0.0,0.0,1.0
pfp753,636.0,0.0047169811320754715,0.06857203875187479,0.0,0.0,0.0,0.0,1.0
pfp754,636.0,0.025157232704402517,0.1567257712213548,0.0,0.0,0.0,0.0,1.0
pfp755,636.0,0.015723270440251572,0.12450068649589366,0.0,0.0,0.0,0.0,1.0
pfp756,636.0,0.0015723270440251573,0.03965257928590721,0.0,0.0,0.0,0.0,1.0
pfp757,636.0,0.009433962264150943,0.09674543450063515,0.0,0.0,0.0,0.0,1.0
pfp758,636.0,0.0047169811320754715,0.0685720387518748,0.0,0.0,0.0,0.0,1.0
pfp759,636.0,0.02358490566037736,0.1518714044457927,0.0,0.0,0.0,0.0,1.0
pfp760,636.0,0.0110062893081761,0.10441404538551381,0.0,0.0,0.0,0.0,1.0
pfp761,636.0,0.007861635220125786,0.08838615903241269,0.0,0.0,0.0,0.0,1.0
pfp762,636.0,0.007861635220125786,0.08838615903241269,0.0,0.0,0.0,0.0,1.0
pfp763,636.0,0.0031446540880503146,0.05603304272380745,0.0,0.0,0.0,0.0,1.0
pfp764,636.0,0.0,0.0,0.0,0.0,0.0,0.0,0.0
pfp765,636.0,0.0015723270440251573,0.0396525792859072,0.0,0.0,0.0,0.0,1.0
pfp766,636.0,0.0031446540880503146,0.05603304272380745,0.0,0.0,0.0,0.0,1.0
pfp767,636.0,0.0047169811320754715,0.06857203875187479,0.0,0.0,0.0,0.0,1.0
pfp768,636.0,0.01729559748427673,0.13047308485029052,0.0,0.0,0.0,0.0,1.0
pfp769,636.0,0.007861635220125786,0.08838615903241269,0.0,0.0,0.0,0.0,1.0
pfp770,636.0,0.0015723270440251573,0.03965257928590721,0.0,0.0,0.0,0.0,1.0
pfp771,636.0,0.0031446540880503146,0.05603304272380745,0.0,0.0,0.0,0.0,1.0
pfp772,636.0,0.0015723270440251573,0.039652579285907215,0.0,0.0,0.0,0.0,1.0
pfp773,636.0,0.012578616352201259,0.1115345437057834,0.0,0.0,0.0,0.0,1.0
pfp774,636.0,0.0015723270440251573,0.0396525792859072,0.0,0.0,0.0,0.0,1.0
pfp775,636.0,0.02830188679245283,0.1659644494601883,0.0,0.0,0.0,0.0,1.0
pfp776,636.0,0.006289308176100629,0.07911760176551691,0.0,0.0,0.0,0.0,1.0
pfp777,636.0,0.006289308176100629,0.07911760176551691,0.0,0.0,0.0,0.0,1.0
pfp778,636.0,0.0047169811320754715,0.06857203875187479,0.0,0.0,0.0,0.0,1.0
pfp779,636.0,0.0,0.0,0.0,0.0,0.0,0.0,0.0
pfp780,636.0,0.014150943396226415,0.1182060226654471,0.0,0.0,0.0,0.0,1.0
pfp781,636.0,0.015723270440251572,0.12450068649589366,0.0,0.0,0.0,0.0,1.0
pfp782,636.0,0.006289308176100629,0.07911760176551691,0.0,0.0,0.0,0.0,1.0
pfp783,636.0,0.009433962264150943,0.09674543450063514,0.0,0.0,0.0,0.0,1.0
pfp784,636.0,0.01729559748427673,0.13047308485029052,0.0,0.0,0.0,0.0,1.0
pfp785,636.0,0.0031446540880503146,0.05603304272380745,0.0,0.0,0.0,0.0,1.0
pfp786,636.0,0.0220125786163522,0.14683980182697184,0.0,0.0,0.0,0.0,1.0
pfp787,636.0,0.007861635220125786,0.08838615903241269,0.0,0.0,0.0,0.0,1.0
pfp788,636.0,0.0047169811320754715,0.06857203875187479,0.0,0.0,0.0,0.0,1.0
pfp789,636.0,0.007861635220125786,0.08838615903241269,0.0,0.0,0.0,0.0,1.0
pfp790,636.0,0.031446540880503145,0.17465858341252283,0.0,0.0,0.0,0.0,1.0
pfp791,636.0,0.0047169811320754715,0.06857203875187479,0.0,0.0,0.0,0.0,1.0
pfp792,636.0,0.007861635220125786,0.08838615903241269,0.0,0.0,0.0,0.0,1.0
pfp793,636.0,0.0015723270440251573,0.0396525792859072,0.0,0.0,0.0,0.0,1.0
pfp794,636.0,0.20911949685534592,0.40699998436464013,0.0,0.0,0.0,0.0,1.0
pfp795,636.0,0.006289308176100629,0.07911760176551691,0.0,0.0,0.0,0.0,1.0
pfp796,636.0,0.0110062893081761,0.1044140453855138,0.0,0.0,0.0,0.0,1.0
pfp797,636.0,0.007861635220125786,0.08838615903241269,0.0,0.0,0.0,0.0,1.0
pfp798,636.0,0.0031446540880503146,0.05603304272380745,0.0,0.0,0.0,0.0,1.0
pfp799,636.0,0.05188679245283019,0.22197302754871878,0.0,0.0,0.0,0.0,1.0
pfp800,636.0,0.009433962264150943,0.09674543450063515,0.0,0.0,0.0,0.0,1.0
pfp801,636.0,0.006289308176100629,0.07911760176551691,0.0,0.0,0.0,0.0,1.0
pfp802,636.0,0.0047169811320754715,0.06857203875187479,0.0,0.0,0.0,0.0,1.0
pfp803,636.0,0.020440251572327043,0.14161207258446892,0.0,0.0,0.0,0.0,1.0
pfp804,636.0,0.0015723270440251573,0.03965257928590721,0.0,0.0,0.0,0.0,1.0
pfp805,636.0,0.0047169811320754715,0.06857203875187479,0.0,0.0,0.0,0.0,1.0
pfp806,636.0,0.01729559748427673,0.13047308485029052,0.0,0.0,0.0,0.0,1.0
pfp807,636.0,0.32861635220125784,0.47007987659317396,0.0,0.0,0.0,1.0,1.0
pfp808,636.0,0.0110062893081761,0.1044140453855138,0.0,0.0,0.0,0.0,1.0
pfp809,636.0,0.0220125786163522,0.14683980182697184,0.0,0.0,0.0,0.0,1.0
pfp810,636.0,0.0,0.0,0.0,0.0,0.0,0.0,0.0
pfp811,636.0,0.006289308176100629,0.07911760176551691,0.0,0.0,0.0,0.0,1.0
pfp812,636.0,0.0047169811320754715,0.06857203875187479,0.0,0.0,0.0,0.0,1.0
pfp813,636.0,0.0015723270440251573,0.0396525792859072,0.0,0.0,0.0,0.0,1.0
pfp814,636.0,0.006289308176100629,0.07911760176551691,0.0,0.0,0.0,0.0,1.0
pfp815,636.0,0.0031446540880503146,0.05603304272380745,0.0,0.0,0.0,0.0,1.0
pfp816,636.0,0.03930817610062893,0.19448010888505732,0.0,0.0,0.0,0.0,1.0
pfp817,636.0,0.009433962264150943,0.09674543450063514,0.0,0.0,0.0,0.0,1.0
pfp818,636.0,0.0,0.0,0.0,0.0,0.0,0.0,0.0
pfp819,636.0,0.0031446540880503146,0.05603304272380745,0.0,0.0,0.0,0.0,1.0
pfp820,636.0,0.018867924528301886,0.13616562925933673,0.0,0.0,0.0,0.0,1.0
pfp821,636.0,0.007861635220125786,0.08838615903241269,0.0,0.0,0.0,0.0,1.0
pfp822,636.0,0.0031446540880503146,0.05603304272380744,0.0,0.0,0.0,0.0,1.0
pfp823,636.0,0.040880503144654086,0.19816920678276886,0.0,0.0,0.0,0.0,1.0
pfp824,636.0,0.020440251572327043,0.14161207258446892,0.0,0.0,0.0,0.0,1.0
pfp825,636.0,0.0031446540880503146,0.05603304272380745,0.0,0.0,0.0,0.0,1.0
pfp826,636.0,0.007861635220125786,0.08838615903241269,0.0,0.0,0.0,0.0,1.0
pfp827,636.0,0.0015723270440251573,0.03965257928590721,0.0,0.0,0.0,0.0,1.0
pfp828,636.0,0.006289308176100629,0.07911760176551691,0.0,0.0,0.0,0.0,1.0
pfp829,636.0,0.01729559748427673,0.13047308485029052,0.0,0.0,0.0,0.0,1.0
pfp830,636.0,0.0031446540880503146,0.05603304272380745,0.0,0.0,0.0,0.0,1.0
pfp831,636.0,0.05188679245283019,0.22197302754871878,0.0,0.0,0.0,0.0,1.0
pfp832,636.0,0.0031446540880503146,0.05603304272380745,0.0,0.0,0.0,0.0,1.0
pfp833,636.0,0.0047169811320754715,0.06857203875187479,0.0,0.0,0.0,0.0,1.0
pfp834,636.0,0.007861635220125786,0.08838615903241269,0.0,0.0,0.0,0.0,1.0
pfp835,636.0,0.007861635220125786,0.08838615903241269,0.0,0.0,0.0,0.0,1.0
pfp836,636.0,0.015723270440251572,0.12450068649589366,0.0,0.0,0.0,0.0,1.0
pfp837,636.0,0.0031446540880503146,0.05603304272380745,0.0,0.0,0.0,0.0,1.0
pfp838,636.0,0.0,0.0,0.0,0.0,0.0,0.0,0.0
pfp839,636.0,0.0047169811320754715,0.06857203875187479,0.0,0.0,0.0,0.0,1.0
pfp840,636.0,0.006289308176100629,0.07911760176551691,0.0,0.0,0.0,0.0,1.0
pfp841,636.0,0.09433962264150944,0.29253069733665016,0.0,0.0,0.0,0.0,1.0
pfp842,636.0,0.040880503144654086,0.19816920678276886,0.0,0.0,0.0,0.0,1.0
pfp843,636.0,0.012578616352201259,0.11153454370578339,0.0,0.0,0.0,0.0,1.0
pfp844,636.0,0.009433962264150943,0.09674543450063514,0.0,0.0,0.0,0.0,1.0
pfp845,636.0,0.0015723270440251573,0.03965257928590721,0.0,0.0,0.0,0.0,1.0
pfp846,636.0,0.018867924528301886,0.13616562925933673,0.0,0.0,0.0,0.0,1.0
pfp847,636.0,0.0047169811320754715,0.06857203875187479,0.0,0.0,0.0,0.0,1.0
pfp848,636.0,0.0031446540880503146,0.05603304272380745,0.0,0.0,0.0,0.0,1.0
pfp849,636.0,0.4261006289308176,0.49489795267171893,0.0,0.0,0.0,1.0,1.0
pfp850,636.0,0.006289308176100629,0.07911760176551691,0.0,0.0,0.0,0.0,1.0
pfp851,636.0,0.007861635220125786,0.08838615903241269,0.0,0.0,0.0,0.0,1.0
pfp852,636.0,0.007861635220125786,0.08838615903241269,0.0,0.0,0.0,0.0,1.0
pfp853,636.0,0.015723270440251572,0.12450068649589366,0.0,0.0,0.0,0.0,1.0
pfp854,636.0,0.007861635220125786,0.08838615903241269,0.0,0.0,0.0,0.0,1.0
pfp855,636.0,0.018867924528301886,0.13616562925933673,0.0,0.0,0.0,0.0,1.0
pfp856,636.0,0.0047169811320754715,0.06857203875187479,0.0,0.0,0.0,0.0,1.0
pfp857,636.0,0.009433962264150943,0.09674543450063514,0.0,0.0,0.0,0.0,1.0
pfp858,636.0,0.014150943396226415,0.11820602266544708,0.0,0.0,0.0,0.0,1.0
pfp859,636.0,0.007861635220125786,0.08838615903241269,0.0,0.0,0.0,0.0,1.0
pfp860,636.0,0.0047169811320754715,0.06857203875187479,0.0,0.0,0.0,0.0,1.0
pfp861,636.0,0.0031446540880503146,0.05603304272380745,0.0,0.0,0.0,0.0,1.0
pfp862,636.0,0.014150943396226415,0.1182060226654471,0.0,0.0,0.0,0.0,1.0
pfp863,636.0,0.0015723270440251573,0.0396525792859072,0.0,0.0,0.0,0.0,1.0
pfp864,636.0,0.0015723270440251573,0.03965257928590721,0.0,0.0,0.0,0.0,1.0
pfp865,636.0,0.0047169811320754715,0.06857203875187479,0.0,0.0,0.0,0.0,1.0
pfp866,636.0,0.0015723270440251573,0.03965257928590721,0.0,0.0,0.0,0.0,1.0
pfp867,636.0,0.0110062893081761,0.1044140453855138,0.0,0.0,0.0,0.0,1.0
pfp868,636.0,0.0031446540880503146,0.05603304272380745,0.0,0.0,0.0,0.0,1.0
pfp869,636.0,0.007861635220125786,0.08838615903241269,0.0,0.0,0.0,0.0,1.0
pfp870,636.0,0.014150943396226415,0.1182060226654471,0.0,0.0,0.0,0.0,1.0
pfp871,636.0,0.006289308176100629,0.0791176017655169,0.0,0.0,0.0,0.0,1.0
pfp872,636.0,0.012578616352201259,0.1115345437057834,0.0,0.0,0.0,0.0,1.0
pfp873,636.0,0.007861635220125786,0.08838615903241269,0.0,0.0,0.0,0.0,1.0
pfp874,636.0,0.012578616352201259,0.1115345437057834,0.0,0.0,0.0,0.0,1.0
pfp875,636.0,0.11320754716981132,0.3170957196794266,0.0,0.0,0.0,0.0,1.0
pfp876,636.0,0.0031446540880503146,0.05603304272380744,0.0,0.0,0.0,0.0,1.0
pfp877,636.0,0.0047169811320754715,0.0685720387518748,0.0,0.0,0.0,0.0,1.0
pfp878,636.0,0.0015723270440251573,0.03965257928590721,0.0,0.0,0.0,0.0,1.0
pfp879,636.0,0.009433962264150943,0.09674543450063514,0.0,0.0,0.0,0.0,1.0
pfp880,636.0,0.0,0.0,0.0,0.0,0.0,0.0,0.0
pfp881,636.0,0.10062893081761007,0.3010735343972393,0.0,0.0,0.0,0.0,1.0
pfp882,636.0,0.007861635220125786,0.08838615903241269,0.0,0.0,0.0,0.0,1.0
pfp883,636.0,0.006289308176100629,0.0791176017655169,0.0,0.0,0.0,0.0,1.0
pfp884,636.0,0.020440251572327043,0.14161207258446892,0.0,0.0,0.0,0.0,1.0
pfp885,636.0,0.0031446540880503146,0.05603304272380744,0.0,0.0,0.0,0.0,1.0
pfp886,636.0,0.0047169811320754715,0.06857203875187479,0.0,0.0,0.0,0.0,1.0
pfp887,636.0,0.13522012578616352,0.34222769319272756,0.0,0.0,0.0,0.0,1.0
pfp888,636.0,0.0330188679245283,0.17882646219295587,0.0,0.0,0.0,0.0,1.0
pfp889,636.0,0.012578616352201259,0.1115345437057834,0.0,0.0,0.0,0.0,1.0
pfp890,636.0,0.018867924528301886,0.13616562925933673,0.0,0.0,0.0,0.0,1.0
pfp891,636.0,0.0015723270440251573,0.0396525792859072,0.0,0.0,0.0,0.0,1.0
pfp892,636.0,0.014150943396226415,0.1182060226654471,0.0,0.0,0.0,0.0,1.0
pfp893,636.0,0.15880503144654087,0.365781854493914,0.0,0.0,0.0,0.0,1.0
pfp894,636.0,0.0015723270440251573,0.0396525792859072,0.0,0.0,0.0,0.0,1.0
pfp895,636.0,0.0031446540880503146,0.05603304272380745,0.0,0.0,0.0,0.0,1.0
pfp896,636.0,0.031446540880503145,0.17465858341252283,0.0,0.0,0.0,0.0,1.0
pfp897,636.0,0.0110062893081761,0.1044140453855138,0.0,0.0,0.0,0.0,1.0
pfp898,636.0,0.01729559748427673,0.13047308485029052,0.0,0.0,0.0,0.0,1.0
pfp899,636.0,0.006289308176100629,0.0791176017655169,0.0,0.0,0.0,0.0,1.0
pfp900,636.0,0.009433962264150943,0.09674543450063514,0.0,0.0,0.0,0.0,1.0
pfp901,636.0,0.01729559748427673,0.13047308485029052,0.0,0.0,0.0,0.0,1.0
pfp902,636.0,0.006289308176100629,0.07911760176551691,0.0,0.0,0.0,0.0,1.0
pfp903,636.0,0.009433962264150943,0.09674543450063514,0.0,0.0,0.0,0.0,1.0
pfp904,636.0,0.06446540880503145,0.24577346409236006,0.0,0.0,0.0,0.0,1.0
pfp905,636.0,0.0047169811320754715,0.06857203875187479,0.0,0.0,0.0,0.0,1.0
pfp906,636.0,0.006289308176100629,0.07911760176551691,0.0,0.0,0.0,0.0,1.0
pfp907,636.0,0.007861635220125786,0.08838615903241269,0.0,0.0,0.0,0.0,1.0
pfp908,636.0,0.0047169811320754715,0.06857203875187479,0.0,0.0,0.0,0.0,1.0
pfp909,636.0,0.0110062893081761,0.10441404538551381,0.0,0.0,0.0,0.0,1.0
pfp910,636.0,0.025157232704402517,0.1567257712213548,0.0,0.0,0.0,0.0,1.0
pfp911,636.0,0.006289308176100629,0.07911760176551691,0.0,0.0,0.0,0.0,1.0
pfp912,636.0,0.0047169811320754715,0.0685720387518748,0.0,0.0,0.0,0.0,1.0
pfp913,636.0,0.012578616352201259,0.1115345437057834,0.0,0.0,0.0,0.0,1.0
pfp914,636.0,0.02358490566037736,0.15187140444579267,0.0,0.0,0.0,0.0,1.0
pfp915,636.0,0.014150943396226415,0.11820602266544708,0.0,0.0,0.0,0.0,1.0
pfp916,636.0,0.0031446540880503146,0.05603304272380745,0.0,0.0,0.0,0.0,1.0
pfp917,636.0,0.0031446540880503146,0.05603304272380745,0.0,0.0,0.0,0.0,1.0
pfp918,636.0,0.0031446540880503146,0.05603304272380745,0.0,0.0,0.0,0.0,1.0
pfp919,636.0,0.012578616352201259,0.1115345437057834,0.0,0.0,0.0,0.0,1.0
pfp920,636.0,0.0031446540880503146,0.05603304272380745,0.0,0.0,0.0,0.0,1.0
pfp921,636.0,0.0110062893081761,0.1044140453855138,0.0,0.0,0.0,0.0,1.0
pfp922,636.0,0.006289308176100629,0.0791176017655169,0.0,0.0,0.0,0.0,1.0
pfp923,636.0,0.09276729559748427,0.29033439737450406,0.0,0.0,0.0,0.0,1.0
pfp924,636.0,0.0015723270440251573,0.03965257928590721,0.0,0.0,0.0,0.0,1.0
pfp925,636.0,0.0,0.0,0.0,0.0,0.0,0.0,0.0
pfp926,636.0,0.08962264150943396,0.2858651998660011,0.0,0.0,0.0,0.0,1.0
pfp927,636.0,0.020440251572327043,0.14161207258446892,0.0,0.0,0.0,0.0,1.0
pfp928,636.0,0.007861635220125786,0.08838615903241269,0.0,0.0,0.0,0.0,1.0
pfp929,636.0,0.007861635220125786,0.08838615903241269,0.0,0.0,0.0,0.0,1.0
pfp930,636.0,0.007861635220125786,0.08838615903241269,0.0,0.0,0.0,0.0,1.0
pfp931,636.0,0.0031446540880503146,0.05603304272380745,0.0,0.0,0.0,0.0,1.0
pfp932,636.0,0.025157232704402517,0.1567257712213548,0.0,0.0,0.0,0.0,1.0
pfp933,636.0,0.0015723270440251573,0.0396525792859072,0.0,0.0,0.0,0.0,1.0
pfp934,636.0,0.006289308176100629,0.0791176017655169,0.0,0.0,0.0,0.0,1.0
pfp935,636.0,0.025157232704402517,0.1567257712213548,0.0,0.0,0.0,0.0,1.0
pfp936,636.0,0.006289308176100629,0.0791176017655169,0.0,0.0,0.0,0.0,1.0
pfp937,636.0,0.007861635220125786,0.08838615903241269,0.0,0.0,0.0,0.0,1.0
pfp938,636.0,0.0047169811320754715,0.0685720387518748,0.0,0.0,0.0,0.0,1.0
pfp939,636.0,0.009433962264150943,0.09674543450063514,0.0,0.0,0.0,0.0,1.0
pfp940,636.0,0.02358490566037736,0.1518714044457927,0.0,0.0,0.0,0.0,1.0
pfp941,636.0,0.0,0.0,0.0,0.0,0.0,0.0,0.0
pfp942,636.0,0.0047169811320754715,0.0685720387518748,0.0,0.0,0.0,0.0,1.0
pfp943,636.0,0.0015723270440251573,0.03965257928590721,0.0,0.0,0.0,0.0,1.0
pfp944,636.0,0.009433962264150943,0.09674543450063514,0.0,0.0,0.0,0.0,1.0
pfp945,636.0,0.0015723270440251573,0.03965257928590721,0.0,0.0,0.0,0.0,1.0
pfp946,636.0,0.0220125786163522,0.14683980182697184,0.0,0.0,0.0,0.0,1.0
pfp947,636.0,0.009433962264150943,0.09674543450063514,0.0,0.0,0.0,0.0,1.0
pfp948,636.0,0.009433962264150943,0.09674543450063514,0.0,0.0,0.0,0.0,1.0
pfp949,636.0,0.006289308176100629,0.07911760176551691,0.0,0.0,0.0,0.0,1.0
pfp950,636.0,0.0110062893081761,0.10441404538551381,0.0,0.0,0.0,0.0,1.0
pfp951,636.0,0.0220125786163522,0.14683980182697184,0.0,0.0,0.0,0.0,1.0
pfp952,636.0,0.006289308176100629,0.07911760176551691,0.0,0.0,0.0,0.0,1.0
pfp953,636.0,0.026729559748427674,0.16141889304030382,0.0,0.0,0.0,0.0,1.0
pfp954,636.0,0.006289308176100629,0.07911760176551691,0.0,0.0,0.0,0.0,1.0
pfp955,636.0,0.012578616352201259,0.1115345437057834,0.0,0.0,0.0,0.0,1.0
pfp956,636.0,0.0015723270440251573,0.03965257928590721,0.0,0.0,0.0,0.0,1.0
pfp957,636.0,0.0047169811320754715,0.06857203875187479,0.0,0.0,0.0,0.0,1.0
pfp958,636.0,0.0031446540880503146,0.05603304272380744,0.0,0.0,0.0,0.0,1.0
pfp959,636.0,0.0031446540880503146,0.05603304272380745,0.0,0.0,0.0,0.0,1.0
pfp960,636.0,0.03459119496855346,0.1828858501636085,0.0,0.0,0.0,0.0,1.0
pfp961,636.0,0.026729559748427674,0.16141889304030382,0.0,0.0,0.0,0.0,1.0
pfp962,636.0,0.0031446540880503146,0.05603304272380745,0.0,0.0,0.0,0.0,1.0
pfp963,636.0,0.012578616352201259,0.1115345437057834,0.0,0.0,0.0,0.0,1.0
pfp964,636.0,0.0015723270440251573,0.0396525792859072,0.0,0.0,0.0,0.0,1.0
pfp965,636.0,0.0031446540880503146,0.05603304272380745,0.0,0.0,0.0,0.0,1.0
pfp966,636.0,0.0,0.0,0.0,0.0,0.0,0.0,0.0
pfp967,636.0,0.009433962264150943,0.09674543450063514,0.0,0.0,0.0,0.0,1.0
pfp968,636.0,0.018867924528301886,0.13616562925933676,0.0,0.0,0.0,0.0,1.0
pfp969,636.0,0.0031446540880503146,0.05603304272380745,0.0,0.0,0.0,0.0,1.0
pfp970,636.0,0.0031446540880503146,0.05603304272380745,0.0,0.0,0.0,0.0,1.0
pfp971,636.0,0.012578616352201259,0.1115345437057834,0.0,0.0,0.0,0.0,1.0
pfp972,636.0,0.0047169811320754715,0.06857203875187479,0.0,0.0,0.0,0.0,1.0
pfp973,636.0,0.014150943396226415,0.1182060226654471,0.0,0.0,0.0,0.0,1.0
pfp974,636.0,0.0440251572327044,0.20531249697317763,0.0,0.0,0.0,0.0,1.0
pfp975,636.0,0.029874213836477988,0.17037425195060263,0.0,0.0,0.0,0.0,1.0
pfp976,636.0,0.0047169811320754715,0.0685720387518748,0.0,0.0,0.0,0.0,1.0
pfp977,636.0,0.0015723270440251573,0.03965257928590721,0.0,0.0,0.0,0.0,1.0
pfp978,636.0,0.0220125786163522,0.14683980182697184,0.0,0.0,0.0,0.0,1.0
pfp979,636.0,0.0220125786163522,0.14683980182697184,0.0,0.0,0.0,0.0,1.0
pfp980,636.0,0.015723270440251572,0.12450068649589366,0.0,0.0,0.0,0.0,1.0
pfp981,636.0,0.015723270440251572,0.12450068649589366,0.0,0.0,0.0,0.0,1.0
pfp982,636.0,0.0,0.0,0.0,0.0,0.0,0.0,0.0
pfp983,636.0,0.0,0.0,0.0,0.0,0.0,0.0,0.0
pfp984,636.0,0.018867924528301886,0.13616562925933673,0.0,0.0,0.0,0.0,1.0
pfp985,636.0,0.006289308176100629,0.0791176017655169,0.0,0.0,0.0,0.0,1.0
pfp986,636.0,0.0031446540880503146,0.05603304272380745,0.0,0.0,0.0,0.0,1.0
pfp987,636.0,0.0031446540880503146,0.05603304272380745,0.0,0.0,0.0,0.0,1.0
pfp988,636.0,0.0047169811320754715,0.06857203875187479,0.0,0.0,0.0,0.0,1.0
pfp989,636.0,0.018867924528301886,0.13616562925933673,0.0,0.0,0.0,0.0,1.0
pfp990,636.0,0.009433962264150943,0.09674543450063514,0.0,0.0,0.0,0.0,1.0
pfp991,636.0,0.0047169811320754715,0.06857203875187479,0.0,0.0,0.0,0.0,1.0
pfp992,636.0,0.0015723270440251573,0.0396525792859072,0.0,0.0,0.0,0.0,1.0
pfp993,636.0,0.018867924528301886,0.13616562925933676,0.0,0.0,0.0,0.0,1.0
pfp994,636.0,0.026729559748427674,0.16141889304030382,0.0,0.0,0.0,0.0,1.0
pfp995,636.0,0.0015723270440251573,0.03965257928590721,0.0,0.0,0.0,0.0,1.0
pfp996,636.0,0.006289308176100629,0.07911760176551691,0.0,0.0,0.0,0.0,1.0
pfp997,636.0,0.02830188679245283,0.1659644494601883,0.0,0.0,0.0,0.0,1.0
pfp998,636.0,0.0031446540880503146,0.05603304272380745,0.0,0.0,0.0,0.0,1.0
pfp999,636.0,0.0015723270440251573,0.03965257928590721,0.0,0.0,0.0,0.0,1.0
pfp1000,636.0,0.0031446540880503146,0.05603304272380745,0.0,0.0,0.0,0.0,1.0
pfp1001,636.0,0.0031446540880503146,0.05603304272380744,0.0,0.0,0.0,0.0,1.0
pfp1002,636.0,0.0,0.0,0.0,0.0,0.0,0.0,0.0
pfp1003,636.0,0.0015723270440251573,0.0396525792859072,0.0,0.0,0.0,0.0,1.0
pfp1004,636.0,0.06132075471698113,0.24010657268331642,0.0,0.0,0.0,0.0,1.0
pfp1005,636.0,0.015723270440251572,0.12450068649589366,0.0,0.0,0.0,0.0,1.0
pfp1006,636.0,0.0015723270440251573,0.03965257928590721,0.0,0.0,0.0,0.0,1.0
pfp1007,636.0,0.006289308176100629,0.07911760176551691,0.0,0.0,0.0,0.0,1.0
pfp1008,636.0,0.006289308176100629,0.07911760176551691,0.0,0.0,0.0,0.0,1.0
pfp1009,636.0,0.02830188679245283,0.1659644494601883,0.0,0.0,0.0,0.0,1.0
pfp1010,636.0,0.015723270440251572,0.12450068649589366,0.0,0.0,0.0,0.0,1.0
pfp1011,636.0,0.04559748427672956,0.20877472678665462,0.0,0.0,0.0,0.0,1.0
pfp1012,636.0,0.006289308176100629,0.0791176017655169,0.0,0.0,0.0,0.0,1.0
pfp1013,636.0,0.020440251572327043,0.14161207258446892,0.0,0.0,0.0,0.0,1.0
pfp1014,636.0,0.0047169811320754715,0.06857203875187479,0.0,0.0,0.0,0.0,1.0
pfp1015,636.0,0.0047169811320754715,0.06857203875187479,0.0,0.0,0.0,0.0,1.0
pfp1016,636.0,0.059748427672955975,0.23720670990903767,0.0,0.0,0.0,0.0,1.0
pfp1017,636.0,0.0770440251572327,0.2668711764698218,0.0,0.0,0.0,0.0,1.0
pfp1018,636.0,0.0015723270440251573,0.03965257928590721,0.0,0.0,0.0,0.0,1.0
pfp1019,636.0,0.04874213836477988,0.21549793542936282,0.0,0.0,0.0,0.0,1.0
pfp1020,636.0,0.007861635220125786,0.08838615903241269,0.0,0.0,0.0,0.0,1.0
pfp1021,636.0,0.006289308176100629,0.0791176017655169,0.0,0.0,0.0,0.0,1.0
pfp1022,636.0,0.018867924528301886,0.13616562925933673,0.0,0.0,0.0,0.0,1.0
pfp1023,636.0,0.006289308176100629,0.07911760176551691,0.0,0.0,0.0,0.0,1.0
