SVM,hybrid,MolPropsAPFP,0,1.6880487804878048,1.1482899725585316,1.0976707421776524,1.5722199367468237,1.1995444892410148,1.0342994189669075,1.5683579745909804,1.1277372377867803,1.0811936069692234,1.0716547408072872,1.1165435551493434,1.1742869023647309,1.074301986587471,1.1165396169471036,1.0815742249255749,1.0833852098881762,0.9724890134160626,1.0574801724707694,1.0451947022628088,1.0728905363508743,1.0497348931987511,1.0457540986078455,0.9532069158068416,0.8915920907453564,1.2275524994708364,1.0771979972569619,0.9366127216845808,1.0807712793353894,1.0715610186447642,1.0256923155395157,0.8067691823748346,0.877454569003008,0.8511294702514054,0.8925268637684064,1.0032498546545328,0.8622452710070059,1.1278337572185027,0.9651117875314814,1.0400300750516343,1.0172393081764117,0.9986227189444321,0.9618567542549422,0.9972108911670314,1.0001894626826004,0.834663226130043,0.8916177026839802,0.9592035693278883,1.0740619307338073,1.0464814798214561,0.9170101718923338,0.943264201677783,0.9304020312967407,1.1074028790005555,0.9706816835570627,0.9514992904633861,0.9526130084300203,0.9146775695708226,0.9772061707350248,0.9392540845666337,0.8426472241368929,0.8117051843536967,0.9557238261341242,0.8719428135686281,0.8227072351983593,0.8997243150379691,0.9119869178493519,0.7991005749769526,1.0107461776692441,0.7827623740201382,0.9484968025068701,0.836442028266778,0.8620724709065779,0.8520750300093646,0.9749682616857078,0.9370741620854718,0.8817800017910273,0.8326118981369715,0.9982583740764689,0.8049084649694309,0.8433304582700042,0.9906670248036898,0.9576604517002102,1.005567957747319,0.8829472134203603,0.9745499538344988,0.9313270802450722,0.8198257623073659,0.9973087069902641,0.832370097514576,0.8276125767221739,0.9249839045762869,0.8655743884238725,0.8070273195799972,0.9386601686863446,0.8353343807823839,0.9598282859624417,0.7518371970817438,0.8738419671803582,0.989116718633559,0.8527642372300961,0.8012229199623382,0.959131164586791,0.9463927474334902,0.7540873363095861,0.8169288784260624,0.9527959140539325,0.7802994354000671,0.804457852995479,0.8182089874858626,0.8623547041643277,0.8402981277267454,0.8663288510208027,0.909003787803214,0.903100630246403,0.8554102779861427,0.901131839671945,0.8689075628207136,0.8016658239183148,0.8752683455822733,0.7841369262660793,0.8836349633895189,0.8411078505685565,0.8745748706090168,0.8773866912347275,0.9070117417430459,0.9184690067731034,0.7212371453449293,0.911831759686177,0.8779039351452377,0.8258618697067573,0.9580511428097405,0.8545444757469701,0.8626105582107082,0.8640428016871915,0.8541539291426486,0.8154224209672921,0.7600320769036735,0.9684591310961728,0.8324090508064592,0.8532076251627996,0.8158579770490092,0.8279926676507812,0.7473554489323526,0.8756579649972405,0.8384124523659444,0.8729924723482498,0.8924361343267413,0.833813193843074,0.8529121352868909,0.8074865664977703,0.7975070190478133,1.0008565610247089,0.7944106306217166,0.7836490942489387,0.7943363344066869,0.9812245329724016,0.812078486323795,0.7794666291015764,0.8403264255942553,0.8010409124910949,0.8560866420839368,0.9044325514067559,0.8237280637853426,0.750520129475504,0.7716473642575672,0.7926083822121833,0.7787160117547748,0.8457735416444923,0.7600181825030743,0.842885200323317,0.7863160315118933,0.7834255640278041,0.8221743487602958,0.8023857992339243,0.8185761729793557,0.8835478340520397,0.8082312612142716,0.8408233085825201,0.8017260338325394,0.8005129356979369,0.7960673565448874,0.8433650598981145,0.8257717555691463,0.8652283155120322,0.7893432007801958,0.8449723815611482,0.7942868469215222,0.8058313525940702,0.8197129708822853,0.816181340883247,0.8158803552945147,0.8060779907685393,0.8146066239723218,0.8096763520229721,0.8153366266150848,0.8129900056698707,0.8389471116754778,0.8087613746192306
SVM,pml,MolProps,0,4.126585365853659,2.854379627833763,3.630606437101151,3.256257184901039,3.3049878874201024,2.0767438444724595,3.163222432621248,1.8710360061296447,2.118623800177396,2.035705033318285,2.8731065069271833,2.3241510866883175,2.462221812666571,1.9464859464968756,1.926748099604646,1.951501462444252,1.8698568842781762,1.9839826197176111,2.0841842296851154,1.708457934790483,1.6282479545939892,2.1458491671233824,1.6877759732058093,1.6727402679284813,1.6168419322433656,1.5203526715107276,1.8685716491443176,1.8620328034103726,1.6658555526860668,2.2132240344596124,1.782412868201987,2.1010773818895245,1.9481305105426716,1.3406900635282055,1.3553839605843017,1.8590192100370595,1.9836061947627417,1.9244230572280414,1.565452814006483,1.703458454914967,1.6294400336838086,1.4180567525966328,1.5923927288271011,1.9429438722023713,1.4484086877292706,1.7337734532351354,1.7445438057049383,1.7758399411719368,1.2651321083251723,1.5756973756552903,1.5449415683222094,1.6047915084766948,1.7513873716263904,1.683611988378836,1.490229115844463,1.542838185659978,1.504244256118642,1.5964418358115262,1.1927782321099143,1.5674127743765607,1.4864654392533438,1.3382732152283094,1.409141495006607,1.672986462816052,1.2598958725973501,1.867196812971957,1.471017379403991,1.327070970677804,1.4050818436808716,1.5486440632352718,1.0662691427097217,1.1396061659150938,1.3275576467211927,1.3861728987657562,1.5297636987411871,1.222907497361846,1.2587307435895982,1.2709099989603816,1.1846667364227832,1.4793648232079792,1.4251271494671864,1.2723452135193098,1.2213842010941964,1.3809622366417749,1.349911969875375,1.0061662180160598,1.3067538510524754,1.0361539198651688,1.3818040605240358,1.1410802127936355,1.326971898721538,1.3756276488841201,1.4649129100696336,1.0555224855127558,1.0910499274264034,1.2769936172307135,1.0277504285294228,1.1712872434217863,1.4612856931614062,1.4095615480598163,1.2857082886964994,1.2755388688292761,1.5275526994690043,1.0833499040214734,1.2361591842285158,1.2539944102363738,1.1756304034760146,1.343843123719204,1.2746316893408518,1.2259533182667446,1.168557686052208,1.2962253664556416,1.0908370336512843,1.2926529482245435,1.209480369381232,1.247890154839332,1.1862155444547693,1.303886803388141,1.013370480373725,1.2285650791339575,1.0964825549126695,1.1305979388688412,1.0119488386662245,1.2030937989324961,1.2507641478996752,1.2561050534613714,1.146362791558778,1.1600132416917464,1.2571666509346269,1.2552702387462018,1.3674944163592053,1.0090527173376869,1.0177393962771115,1.3487603505237153,1.0523038324086949,1.1074107492557428,1.0344838259442,0.9995303456514312,1.0413460837160093,1.2460539477569643,1.0972327707336453,1.1680118959536363,0.9527108490847169,1.131120586580052,1.1865880524134274,1.0656890794619782,0.9025289109545965,1.2030914445954302,1.1221106306964375,1.1266476473050018,1.1283344549405627,1.1050875264810014,0.9704527330112758,1.192174727577057,1.2705741627623302,1.0898527764095962,1.2868794972663609,0.9970458307866672,0.9985033371813843,1.001653980808639,1.05872261018197,0.9926657375733633,1.2561751356903395,1.1205049068337294,1.1265714064496364,0.9733064945663678,1.0758633648226137,1.0685470934135002,1.0285711561392528,1.1101963428610933,1.0254256534740074,1.0278235135238794,1.1075741533396768,1.0299073796874414,1.0804638673620879,0.9426333882668599,0.9799639126763506,1.0008570933349117,1.1005102573509093,0.9709072612670356,1.0159235809221026,1.0261809214809168,1.0766923270260784,1.009270283147642,0.9668741417265213,0.9542324388725923,1.041824241686805,1.0014650523520723,0.993845014878772,1.1288351608072444,1.0234658578636153,0.993383791023421,0.9868208789419863,0.9954041948031537,0.996249667161548,1.0172340836242593,1.0032035674342419,1.000972238993847
SVM,hybrid,MolPropsAPFP,1,1.1770731707317077,1.4780994990950567,1.2582284753415183,1.2373674753909023,1.0627595489948831,1.2524765108806908,1.1172810744068575,1.292484124113961,1.2062508300267072,1.1781186604470772,1.0695582248344202,1.0940147866194099,1.1043361784865202,1.073093734205558,1.195861651909056,1.1031115383530465,1.1309244261282199,1.0686337610849261,1.0864239715089887,0.9214050928835916,0.8359033198026231,1.128873999293104,1.0694370368184307,1.0461104027179613,1.1250239032645228,0.9930378930503114,0.8487883181843553,1.161749336470379,0.9767617769721016,1.3352459964808547,1.1162716941105162,1.008436053127265,1.0824817727791125,1.0582459875949055,1.0036197401371083,0.9693454474964308,0.9552785933874295,1.17345035100235,0.8978639692665278,0.8955391897522752,0.8424396512992502,0.8826506205563347,0.828978787431099,1.0902387558599325,1.066758369503767,0.8256107389813594,0.9227021666186747,1.0033472522241031,0.9057731122912988,0.9154052216591819,0.9786584507478079,1.0305449981579193,0.9969773166280602,1.0355260165870357,0.8424057324008307,1.0095173860889812,0.8048277985103296,0.9176338159824186,0.9708107895902839,1.023383143482176,0.8891256001624944,0.8418663462634698,0.9377937675347082,0.8525009860521938,0.8424673998938444,0.8081656866941321,0.9883209225807142,0.8376424168654809,0.8243332278460331,0.8598761364434322,0.8513590895907549,0.8560747974190968,0.9656549454425584,0.7189243601184871,1.0358866787930459,0.9543004828586302,0.8940612889091626,0.8708089131955664,0.7641529620527192,0.7814866882931017,0.9032878773654363,0.9548333642531014,1.1168280639003607,0.9446914335808719,0.7306275501826567,0.9095438321729707,0.855300301355475,0.81025320799993,0.8897674732671302,0.9808593319068467,0.7331732957467769,0.8756826744385524,0.8656599616277462,0.7596405613086971,0.9821971222125092,0.9687719632084519,0.8938021502566669,0.8441704732000477,0.907900173292685,0.8876908188307192,0.8784331424811236,0.7982061418861297,0.8151620233184679,0.801543599245236,0.8270845072481134,0.8752779726903197,0.8564125055792918,0.854717511383963,0.8489343093652235,0.8178615891070518,0.8592694093937743,0.8373120190569237,0.833484122051438,0.8447935273593711,0.8972889299721886,0.8074498740649205,0.8133642975714565,0.7395756190762683,0.8193442672244765,0.9008012555200697,0.913788735367858,0.8740754335498795,0.7388670684670977,0.7847593706194538,0.9931128530737706,0.7804690686157058,0.7705288514962263,0.7596324544524382,0.9280871718160625,0.8587420822184028,0.8531098373493828,0.839522082543059,0.791979676761957,0.8389830498486237,0.9065825048901293,0.7971873944012471,0.8054903475686964,0.9141900555472579,1.0082523582520513,0.7948878336594858,0.8842607007150055,0.8201808659976597,0.9379719613603364,0.7923488890500282,0.945212319375649,0.823521963921523,0.813079524232208,0.7673325835635457,0.8481159833513975,0.7640300471741769,0.7840981390327012,0.7945558317267417,0.8663462226724202,0.8432412662192009,0.8731758750186891,0.7889063461583932,0.8175327989782412,0.878805051885599,0.8045746118098941,0.8283516474312966,0.8079015795528782,0.7871573097206219,0.8056354223897807,0.7809640177642725,0.8105310511712692,0.8440545632197266,0.8610175855597123,0.781098187101291,0.8504758445401505,0.8491136315487626,0.8846263094190059,0.8411851947371128,0.8186235277843166,0.8044148717403123,0.8452072364098601,0.8495506020163269,0.7924032416592278,0.8436332294132372,0.8483326796773599,0.8016706741034739,0.7865432794368031,0.8179931150665356,0.7827914989956589,0.8040217447895203,0.835363029984978,0.8603954934115478,0.8542850942147484,0.8068671977326002,0.8323930345205613,0.829896780654672,0.8181330445062681,0.8224330873107522,0.8303913332246562,0.8214075165040922,0.806891273380195,0.8234385871703735,0.8058122900748271,0.8087311938537707
SVM,pml,MolProps,1,2.6641463414634146,3.539355442948935,3.689373431335687,2.731591061945155,3.0175079617411646,2.2888554496614226,2.367305476955732,2.8091336393051396,2.2307641422396216,1.75011955489079,2.3136947289744976,1.7940882224805101,2.6493298799689824,2.007694811610055,1.947612237815674,2.190926146861464,2.302809634453598,2.250240603719081,1.664933275778687,1.8546665438047745,1.9736726151909352,1.6748650677534787,1.8154515636252813,1.985263312959883,1.6543580180170008,1.7643945945054655,2.168788510391398,1.660713280759832,1.7755670000988526,2.0557972573513794,1.6613250073487527,1.8265173313190561,1.601726861973196,1.6935954753334153,1.7087322557486313,1.6065482267803044,1.4707095468572273,1.7161645764069093,1.928212701466952,1.5519444971686964,1.6840082681488435,1.5276116242705622,1.5467500402800627,1.5023265235401162,1.8221266712164417,1.3811198025460358,1.4250191991335635,1.4740835637701797,1.2016832006240545,1.6188883437469705,1.7607683479909513,1.5244218258564484,1.5737379331502954,1.8075757331098925,1.6114895340859618,1.4363832182707539,1.327320749464027,1.084187250236904,1.0651103865409843,1.2907589733233362,1.368679295981626,1.5804954437574064,1.5549924427272122,1.564260185486635,1.6132751275457369,1.4321003349806076,1.476961288242443,1.2727534048264955,1.0672028998211145,1.3189600896009233,1.3896559008642575,1.4098713305638493,1.4335937245210826,1.3775035295793177,1.654957955494863,1.4024019131208914,1.4594991700586843,1.5226812415858417,1.2578149944945571,1.4023436405522898,1.3734450782785559,1.1213280677067354,1.3529014550150906,1.6713196820305596,1.2582097798101883,1.2645329941909726,1.306098538480053,1.2402794493319105,1.2924137113815857,1.197011293573553,1.4713897808790763,1.3527264275013293,1.2626611179027303,1.3185643075046523,1.0428320930802262,1.3555727180337358,1.1716814930882413,1.4210017295351072,1.2615204811489906,1.2235944089772761,1.224145577897444,1.2969374667599587,1.3901518487347018,1.0592562821055533,1.39476064421912,1.1883029814518515,1.2502002853869683,1.2636860592763557,1.2992437649887725,1.286232088254478,1.117748953313991,1.0723723991883516,1.0992353570938136,1.0476659105582518,1.103402149735746,1.0299994463260302,1.1176807012318184,1.0920642136154273,1.1851767354928149,0.9252810569879902,1.1255110458838062,1.0793513876941223,0.9907555131590265,1.142197187662799,1.147577064268251,1.0487637756361734,1.1857415361474477,1.3542385544510165,1.2822817367739927,1.0620723988062089,1.183269845515051,1.12285426443633,1.1559059245906942,1.0052651722246468,1.363089765355173,1.0350733966485544,1.3220159189619802,1.3628804345473684,1.253379222776484,1.00119310019058,1.0279531677199338,1.2016781623903956,1.2527336403612017,1.3028931745248105,1.0206830733492622,1.0619867826125098,1.1229556741971896,1.053217517066789,1.0484869845518419,1.0607319560351767,1.184206146418034,1.0931177007404667,1.1446320357707593,0.9812004008720083,1.017768544324337,1.12559668659006,0.994199328186709,1.048222041690285,1.105753129706313,1.1992785650859956,1.0765390875722687,1.054208197078799,0.9996316763171084,0.9380828275522632,1.0439388788857422,0.9879928245078377,1.1705867707130038,1.1057271493418932,0.9868219579244967,1.0736339363421383,0.997943478579521,0.9885292969126779,1.0154147720043802,1.0688050998575487,0.9525789870579068,0.9129093096370773,1.0823149225374955,1.1563568213577633,1.106741881765109,1.1687921298087367,1.0385457510755725,0.9414790529891844,1.000793994727664,1.0043381772424087,0.9602771272352219,1.123068683104536,1.0046595537728562,0.9461397835994079,1.0128635592650588,1.1392946469651173,1.0983215275161284,1.0506214884872953,1.0275198161247014,1.0016285688181037,1.0142694968816452,0.9800243161401969,0.9971035925461313,1.0009907232114612
SVM,hybrid,MolPropsAPFP,2,1.4587804878048782,1.908667366626737,1.129618987306975,1.3265325227675124,1.0439620052030092,1.1078948105324515,1.0328961103094836,1.2632962692547778,1.1103580374155464,1.1286043627689404,1.0724236021599662,1.1633007964578863,1.1554805828460384,1.2276114114972465,1.0818065332283926,1.0440502023308964,1.2388863270058639,1.1284595577092766,0.9911493931876484,1.180141713185059,1.2872573806547014,1.0064505753696547,0.9699758933746406,1.0318176434934268,1.0011541587891588,1.025541877185432,1.000702049553375,1.1581174704315134,0.9153608094467199,0.928329348618527,0.9258378903858999,1.1141173921353755,1.133241834515931,1.050720553724375,1.0940518141273117,0.9900818531450856,0.9432854437351829,0.851643666260787,1.1146919384091325,0.8868776206342442,1.0766730542216583,0.9297880109606625,0.9088932777938021,1.0002821575457201,0.879324553942993,0.9144751902059146,0.8356829684914953,0.9848237818215589,0.8806646275448203,0.8316962924114125,0.7985160231801386,0.9771676422843483,1.0147564338474773,0.7789138386424165,0.8952314675656321,0.9336866978263969,0.8887866378141052,0.9861371010967128,0.8414471204327194,0.9026970239465578,0.8963271579369652,0.9017160069268796,0.9973905723420471,0.8437781430812991,0.796946581229056,1.0143553304808908,0.8472557913576627,0.8485895368270451,0.783841106122102,0.8801036951349176,0.93147564347587,0.7827491698593013,0.9446678186941702,0.7819892975719984,1.016751853055034,0.9428690448269248,0.8560949293138743,0.7080892517656567,0.7730669721247819,0.8371566461861869,1.0348395157438157,0.75469688440802,0.9226158950696098,0.8460722878712406,0.8281517638600788,0.7792370487105854,0.9105175078714037,0.8237883961960824,0.9015772829439224,0.9590678932094909,0.7971518393349472,0.7540743479973242,0.9062503906629841,0.7515366685560264,0.7495195954004276,0.9232220519211509,0.7985145322820448,0.8576764563131207,0.8773985951983602,0.843242960133454,0.8018362886133844,0.7166712318227422,0.9415518490196134,0.7815532908830793,0.8906201854333458,0.8043906143199429,0.8612880073184991,1.1022422434264516,0.8502099203667774,1.0026042425609263,0.8495835112056205,0.956369023107073,0.9050106828654616,0.8397120507697825,0.8954098032503683,0.8530952478550866,0.8814673048111298,0.6864496247643448,0.8417422875581086,1.0236114754654766,0.8080704303612318,0.7773433965398305,0.9377434032683675,0.9386915476223153,0.7507706917195978,0.8957317122242218,0.8469320108629828,0.867374814307058,0.8951832938530982,0.8508956914089189,0.8574325064796614,0.8265121902539795,0.8879931938627169,0.7848645206837899,0.8239450276022063,0.8587167150523636,0.8582597421399897,0.8123605703887956,0.7667016091045749,0.8402615779445557,0.8793569936549775,0.7953543806558697,0.7767513501686406,0.8163742098716301,0.7943196393514366,0.8361689253401415,0.7999402159247525,0.7970354395076894,0.8795552665432477,0.855723828383768,0.8077800913651587,0.9020292253882829,0.9655111863297869,0.8313847293474412,0.7903452590745254,0.8449884812769901,0.8294302994417164,0.7980652160278168,0.8428835964933072,0.7521649839144596,0.7733218062610014,0.768894595072721,0.8925317687986586,0.8995963575539974,0.7799361133922316,0.8207335741609554,0.8377359459248253,0.8406019909778707,0.8358095085958852,0.8567856950095692,0.805473597606544,0.8345306374992604,0.788043280854781,0.8267356889776092,0.8423286231672623,0.8427547968101398,0.8067165062927394,0.8193558956664191,0.8541522451991517,0.8183433521850507,0.8110933058601812,0.7977718421627751,0.7785548091463265,0.784694530728006,0.799423885537047,0.8020543983125326,0.7978549780634451,0.8047934191953564,0.8150638563944718,0.8120611420450496,0.8074327405556666,0.8052411683607416,0.8568030229115029,0.8106081289079607,0.8225122579448741,0.8134390283024399,0.8095681293041633,0.8087503127157417
SVM,pml,MolProps,2,2.914634146341464,2.344603027914835,2.8899912833971633,3.8064221682427504,2.508039036024679,4.203068233286996,3.1567875672435908,2.246332258061593,2.134052062766357,2.1534988444928653,2.8693792011481762,1.962604612880943,2.214969965665607,1.9605892680997836,2.1464445106779655,1.8956088958513273,2.134387020512589,1.8955649071290648,1.8180118133600007,2.190654733747083,2.133869446756082,2.1950352800641832,1.8317019090467201,2.31719213543948,2.055987589480141,1.6278547870966447,1.3009050777802946,1.7962478851770096,1.971685377876391,1.9300115981908255,1.5505576134357397,1.8736947232887846,1.3192785234238358,1.821153196111747,1.6087594536438496,1.8063771389702301,1.7372794821755082,1.375599822670189,1.9662967057430132,1.8128087016513503,1.7007823328681984,1.7800331903702342,1.3024222158777963,1.9341682340011055,1.5921073196687447,1.751211713092973,1.5782264278358966,1.865470399674808,1.7565814624086298,1.8430635394181998,1.5338682580461998,1.2750241391420463,1.3603830053969632,1.6542003588411307,1.5965347009513613,1.8038461190025843,1.5061060820278787,1.7304241635112751,1.384417648196286,1.6993167990392237,1.7108562023891076,1.7194343772620804,1.4857765372854463,1.4189889995487726,1.6517827432752366,1.7359782071096868,1.3639194536472752,1.1412312373047788,1.4525649171813588,1.588190328982103,1.3267598553677178,1.5578679261374306,1.4372833689501878,1.4290611635544175,1.3124268695376249,1.3526789768468581,1.4720063997732036,1.3159634462536407,1.4551215191211446,1.4761697765233244,1.2524119839023977,1.2133203355569293,1.718797696983788,1.2573406471553357,1.4048741711481745,1.4251538666763304,1.3596841506032338,1.2088007423139004,1.5484188534950878,1.1675150653416975,1.1636416956545312,1.1163628086964854,1.5127973513154316,1.3540662341032734,1.1922542342709777,1.2615101639787225,1.5040158236466636,1.2778129891313963,1.1829865928427203,1.0671568158136915,1.4049604291502389,1.1319469997774312,1.2208424637750297,1.2054342040961836,1.0807630181787213,1.0568297675301022,1.3013049440327233,1.2967988369802328,1.1297631192387387,1.3993433368336514,1.3856127537798832,1.316483276907185,1.325558261276718,1.2565281290847443,1.4913665761127943,1.124772430776704,1.2446668362167772,1.437338104882727,1.1744842979372727,1.1607406101751832,1.117015272556571,1.3293906022082094,1.2055324826713485,1.2654515059900076,1.2397235556788044,1.466736587922331,1.1977371499132916,1.1246878236244062,1.1510773965081735,1.1118933694655415,1.1041369036582187,1.3824989990331453,0.9386429174258486,0.9436595475904901,1.2411957102952758,1.039637433059764,1.3007289104017512,1.1995483967153464,1.189908539485365,1.1784847783039354,1.2238132498912107,0.9913920838551277,1.0414955896300555,1.2916170074237239,0.9864926167242565,0.9935170896355722,1.0892079094399187,1.1672024114211403,1.1179493088992403,1.2017614840837814,1.1153577197734434,1.161579100682821,1.043243360545702,0.9850366672949342,1.0284222197381838,1.1830532140009884,1.3505005858008037,0.9521816612961079,1.0849326761178528,1.1144103952568496,0.9910510962489085,1.0511170881713547,1.0510743614525777,1.0527318787794384,1.3107353851371124,1.040073379614409,0.9883786763949652,1.0604713790558788,1.1404624924454123,1.0320679628718668,0.9806428029015523,1.0110628600129867,1.024025128865348,0.8793459435173074,0.9898242946716242,1.0139987471997935,1.0089959808360298,1.0267336123118902,1.0296326068565351,1.1037309924596699,1.038445262427507,1.0188559217987665,1.0667223206630156,0.9837411360278174,0.9923747699284777,1.034705416821011,1.1431760534637188,0.962153013068059,0.9526227434496436,1.1463132611580833,1.0031293127659175,1.077989477023141,0.996752167996864,1.0226244311007184,1.011488893797617,1.0143049037998448,0.9952899629418189,1.0009966573697726
SVM,hybrid,MolPropsAPFP,3,3.573658536585366,1.1159948141403897,1.1199942135961471,1.129758154894214,1.199534990060262,1.3040438085035502,1.1527489537238318,1.128492215208375,1.0858960420678614,1.2732326826882432,1.1475046683827297,1.079971861331952,1.0540205235501103,1.0776503011526661,1.0861165429226671,1.0005708979797403,1.043840361110879,1.0952109600763997,1.0386912747862884,0.9884996247472579,0.9437302675151139,0.9893593375155224,1.199569879226543,0.806682041842953,1.076288473423518,1.0590964606349276,1.019414842686672,1.0559001901108123,0.9616410682641846,1.1296933241882654,0.8913058663013853,0.8457178377018325,0.9796267450784184,0.9879187697946592,0.8090408743476942,0.8733102534945362,0.9102115921948207,1.1264474132484545,1.053504938308962,0.9738904617143328,0.8949512102402462,1.073746518286352,1.0593015845519298,0.9044704465588495,0.9583583375903189,0.9489367239197521,0.8906610972882915,0.96936746484478,1.0038016485239656,0.8229615832571817,0.8570348528776562,0.9878275137437069,1.1229421353801496,0.9005310446346895,0.9514328502379582,0.8432035501472991,0.9895837132239059,0.8295225230787512,0.9478056068392264,0.8626770405120325,0.7898961443460448,0.8766483827730134,0.6802816471496704,0.7101960757873539,0.9912923123563001,0.9048169748595813,0.8666894182857954,0.8285668422616335,0.8486058563580726,0.9804289816147089,1.002306997726912,0.8722524500641183,0.8073406292959001,0.7910793209044927,0.8314919087902608,0.9086574566169363,1.0230312872557046,0.7803736367661143,0.9626781170403522,0.854477078796974,0.9678703307614777,0.8106140511418108,0.8567952630191701,0.8482934722483361,0.9152531900375616,0.7882666635983828,0.7602553789625477,0.9553724506216822,0.8226321177856563,0.8594747537183486,1.015362397769459,0.8195649522146742,0.9754230122875964,0.8630694198467326,0.7923228517338337,0.9247738130602099,0.824259398339964,0.9516547933614694,0.8727800860100322,0.7556512346552405,0.8621944288818716,0.9859416960951547,0.7605574016868154,0.7045133395134792,0.8560452324984472,0.9199399828021089,0.7634904849988151,0.9464176735510469,0.7939297880754861,0.788699598134024,0.8947050629567145,0.9029822250856233,0.9034250647721753,0.8600079885648563,0.925270213911786,0.9186140870926391,0.764994885609293,0.7982715380724933,0.887657328339538,0.8286493159094158,0.8084924818924528,0.7422773294013945,0.8672786079977757,0.8064945488434943,0.9091298244444141,0.8638702735821467,0.8246800531005535,0.8094723675298487,0.8259297211578139,0.7707594145483727,0.9306794590058747,0.8607371667601256,0.8432122507904518,0.7842881794841039,0.8332250159380092,0.8276526208212267,0.8291486571752223,0.813485342568236,0.8689242091871856,0.793758540871582,0.788339662862159,0.8816105641019494,0.8300367193013639,0.833884952600932,0.8845526431224197,0.8412013534241961,0.7910178040229741,0.8465455247931749,0.8129030898653764,0.8601145889310486,0.8659532910260428,0.8528474150394666,0.7634070163883216,0.8323136183310728,0.8077202365736135,0.8310791763815697,0.8637885258560596,0.8048057079368234,0.877508078838905,0.8580171615640837,0.8169702491088724,0.9415350433140142,0.9308564194143489,0.9156729091460889,0.862296703248396,0.82507357890762,0.8194105488337211,0.8335142131167467,0.8158880657812554,0.8376720276200151,0.8169686053140833,0.8109507836148497,0.7555115525800351,0.765307481594335,0.8008936786996304,0.8079542368243069,0.8253764867389943,0.7777665828381313,0.8091774939949,0.8264183590023365,0.8056320200035139,0.8308724439458999,0.8201353785198939,0.7549877940142262,0.8168820724648193,0.8061740965976735,0.822269183822207,0.8311614600601333,0.8152794634201541,0.8178205453598194,0.8191621420295337,0.8230484942693875,0.7960703717725796,0.8416259463583589,0.8145931432468689,0.8029520046532095,0.8174298573683177,0.8087440204957945
SVM,pml,MolProps,3,5.002195121951219,4.234958886732267,3.0933721630142945,3.253248537584153,2.9088241331222187,2.143820343554596,2.507325872409059,2.502230448815256,2.256142071523123,2.404242766697382,2.268708833088808,1.522218502790096,2.2023041711794624,1.9235381958317623,2.1337993536162347,2.1251445845211023,2.2044844353374917,1.8923463995016994,2.2569293391111236,1.9300375264892622,1.9887487284462249,2.1295037867820064,1.7979394909994872,1.3283608081933929,1.760360586627767,2.158064359224117,2.027900008021661,2.0939666901719476,1.5690511596375827,1.5469372442691751,1.8683946831512346,1.5126604241875168,1.7211355170499092,2.057919100968988,2.0170364302902817,1.8509289135817242,1.6324903165800588,1.5506650747908435,1.5267755948228794,1.790050773508745,1.5801975463546687,1.4646259510072763,1.5252610060770755,1.314771902376436,1.5865481655580185,1.8384787076412956,1.5051028472896366,1.794808394394948,1.865715653288793,1.335281567735792,1.7953069380751956,1.7256110207483453,1.5263079740256047,1.7380466304905395,1.5355089386361325,1.2925628297880725,1.651659829569495,1.6770052278040664,1.4057133353851106,1.9662175437660094,1.6217225290291337,1.2248007239940022,1.4437283540048482,1.7140750847931447,1.474590372288154,1.5293087742535096,1.5604123165967216,1.2429363422876054,1.608457169299966,1.438966218544872,1.023072174000814,1.0960224526966227,1.406910413929334,1.6099288088678938,1.4668083079973164,1.5352280268625738,1.5333656946029268,1.0786154701335773,1.604637985073189,1.3442069325417545,1.2883841984646167,1.2402075445050826,1.5218757056275802,1.2570926479694917,1.481965648175033,1.208915087366294,1.266720990032685,1.5295628118272682,1.281204789435487,1.3961452204873064,1.2243216668005032,1.4607926992387001,1.2462379942456192,1.169149626220999,1.2134915464259133,1.0107289271550692,1.2357246238875805,1.1685620861408388,1.0299129212938931,1.5046070766821782,1.0600244213508068,1.3660671676006588,1.252032995796261,1.4050523636539691,1.0511842286796538,1.1973969802687383,1.567753252256248,1.3029846755899246,1.1864672618957677,1.0073604210385891,1.141488091527118,1.189104947644569,1.393169103948816,1.243271236407723,1.2080609937896387,1.1827879625970084,1.296795951929014,1.208681977861696,1.05753058291316,1.1671946618025184,1.208065972764974,1.0631253499117415,1.3940104665228454,1.1657845193023109,1.10031522693389,1.4135177272431143,1.0509127531835945,1.1312110818374619,1.3555247488674205,1.1238880898028727,1.1436164525819361,1.1414637945842814,1.3802107986558236,0.9723451514488523,1.1356573507015644,1.0651082397497356,0.9836626179391761,1.150637576155462,1.1800465692436088,1.1689157466555153,1.0407233877298792,0.9738178242885871,1.071873001800468,1.0697450291790864,1.175915070454335,0.9699671620660253,1.0774838938291116,1.0851640012168478,0.9077273000957921,1.0047767013989761,1.1825922764507502,1.0148928522624125,1.1074469747491114,1.1425369761449944,0.9533942932312738,1.015114270259623,1.1088165948104116,1.0728634454050747,1.2849547267161532,0.9724994385660157,1.0976890622639772,1.0939252437917355,1.1236185628295723,1.0253618406503988,1.099359748102028,1.0091705423391724,1.1876517324657458,1.1837417317253878,1.0585991608339784,1.0078494166615342,1.0214047626598903,1.0522669518459251,0.9397444301704793,1.0196191083182835,1.1880547863223665,1.0738552672011525,0.956110652347273,0.9335680982107201,1.0515896476320277,0.9464282884249013,1.0945376181068924,1.0165634091082196,1.0326322510539176,1.0511173683835509,1.1748938639090756,1.007439528346054,0.9830306106062163,1.03444333450554,1.0057679040234113,0.9490215788124181,0.9893517320844374,1.0028429000314558,0.9418569717829914,1.012932385879588,1.0091181930702473,1.0166924514868831,0.9980937968913048,1.0009309531930963
SVM,hybrid,MolPropsAPFP,4,1.2351219512195124,1.1966816530843096,1.4049699505764286,1.1586573102194058,1.2107349599892114,1.1485142587056894,1.2173058913677828,1.099426092368179,1.0953435553116928,0.9614498656605643,1.4909711233433178,1.2820165229926905,0.9940921750268087,1.076174302934664,0.9965168784491826,1.1448296390677193,0.9479724856344026,1.1140295689296424,1.1197237487426288,1.0951179562054094,1.06675350018747,1.0947034826972954,0.9685596322827098,1.0609218990867633,0.9719903156949155,0.887031473439662,1.0898079710936994,1.053086816115397,0.929455704480893,1.0038532631332906,1.0361087089152288,0.9970770700128399,0.7845848747172534,1.0037307985853952,1.0307894312414208,1.009588967658083,1.0730184157935143,0.9001425247113932,0.8882395886597971,1.0403909049156652,0.911666054480144,1.0033732404547553,0.9710831426631099,0.8849689101416963,1.0147663160216,0.8952646860500915,1.016346702771133,0.9093628885806789,0.8885512227976214,1.0353926851184474,0.9117800720196122,1.092869623932774,0.8628069240652425,0.890132552890276,0.9613913478514878,0.8861089929750832,0.8335766462105606,0.8751580526599209,0.8732715735804508,1.1430839919087707,0.8780756295916855,0.8207849146192832,1.0885583266576437,0.9818012765576565,0.9390904557714936,0.9845647655168777,0.7612097201030823,1.082154731579551,0.9937682859783588,0.7463905840524314,0.8761051128441713,0.9105675825066852,0.8828781873656986,0.8225408220598166,1.0629522735264318,0.7925850469085879,0.9337532417378862,0.9834939731648794,0.9646320712652969,0.7704585756427024,0.9270688234191021,0.7723415944719532,0.8557059536565792,0.8545544295743766,0.8769162286672015,0.7976886669573269,0.9366682706057947,0.9754402245356998,1.042175278221398,0.7731672463263224,0.8198197969370471,0.9804666287005837,0.8359315660808865,0.8133942737596945,0.790784124864886,0.9839905537073093,0.8805469196105189,0.879323449689607,0.8860080868218501,0.8017525482054535,0.8323505667502344,0.8059352377412125,0.8266166308547984,0.7793517087109904,0.8534737426142098,0.7947323623075248,0.8647578769844638,0.7618415256231149,0.7726659021609685,0.7850324335233317,0.78914783395744,0.926127420341736,0.8901648703867788,0.827947392078277,0.7848210336950545,0.9106079702484032,0.886649209694095,0.8605523600790721,0.8661980064473812,0.9223472077556113,0.7545232035130487,0.8197201800416674,0.875564030293758,0.9461750350715894,0.8314459843448625,0.7284381969062487,0.8891934473323276,0.9356685517314103,0.7808413719182089,0.8055575163868328,0.8411633636700471,0.8064496822386802,0.7891374279228193,0.7353030358416257,0.8389978552372905,0.8090543903496631,0.8790572225094581,0.8550100504936414,0.8184692496043917,0.8288402524593368,0.8065799905609802,0.9449071139928417,0.8632675283572574,0.8156519976225428,0.7516036648174589,0.7694982876398675,0.8532765653483347,0.8667872084539262,0.7616353900439913,0.8044217877757811,0.8857184927521577,0.9270344119524834,0.7849373368081725,0.8102367520086613,0.8334978037521873,0.8291465119277633,0.8116009852650993,0.8545585016111455,0.8428896925934675,0.8492170059431986,0.9312850133418932,0.8289159684696342,0.8686495151275704,0.8462514642744235,0.8533806403659727,0.8108096892835708,0.7268748086591857,0.8088975387857137,0.8496364680182812,0.8004542436413733,0.8170073590818913,0.7839864876444541,0.8262273444011539,0.7822913238829847,0.846386683625775,0.7899715430493158,0.8337995510894315,0.8214470334441075,0.8128165034172546,0.8234321585968525,0.8259473845742886,0.7880930754935503,0.8050809205000753,0.8311130005337966,0.8016135681040782,0.8207044880379822,0.7925534990502507,0.7843511897195228,0.8006269318727036,0.8451890582177968,0.814168587667406,0.8141909317794048,0.7914935161672876,0.8072971272387915,0.8079616940540844,0.8026035421153525,0.8088653706461939,0.8088085295376826
SVM,pml,MolProps,4,5.755121951219512,3.206000692575828,2.7915979941352336,2.7770233898938343,2.8175184185857187,3.2266612946913957,2.787551380249539,2.2774975318345376,2.253577909433066,2.224838117846631,1.9771667623149813,1.81886195411146,2.12715759907597,2.356657893031991,2.2118192037513125,1.8409479655831622,2.329355574726774,2.5280283152681173,2.093577506191082,1.9013068790038168,1.881796067039303,1.2784904297438868,2.247099512077288,1.5929028387176696,1.700254039401025,2.009745761091984,2.1449993874213775,1.8099202417352818,1.8403924912301408,2.1431271833081933,1.59400170833144,1.6319512627776303,1.7645131374407588,1.3396564329036762,1.8286814788944228,1.5652460776515233,1.6289590137774748,2.0257645264831057,1.3240097737742085,1.8599992278699686,1.7316994426208818,1.8656563225695,1.590546439789509,1.3467441122453414,1.6397569866955612,1.7813805080409446,1.4894671591574915,1.6165410365273467,1.6311374051361232,1.8032229503141661,1.4268003960420086,1.5972707990268575,1.6956985453168076,1.783724305385833,1.436375186176287,2.041304095822242,1.282948011845865,1.4076048064467432,1.8305405289620393,1.6134685394330748,1.5619573693103763,1.2785169633146733,1.4012620966427616,1.644767258737075,1.0449266541716844,1.3025034582363633,1.8292726783502458,1.7370957231608388,1.0851144000635926,1.3235041789554034,1.4077480360314956,1.6507758387515576,1.1499230151590984,1.1907882581611955,1.4401298876423438,1.3631536307172591,1.4918492924317786,1.3900167274573525,1.3389901467664882,1.446763379902127,1.3464315205925392,1.3303171324369716,1.5572781786974144,1.5450496412821098,1.5377155979625055,1.187284654688211,1.2804477155585539,1.6039306675151677,1.8164225510579715,1.1602823948344259,1.6690144517593497,0.9294459625384485,1.2630889998386037,1.4460833997969778,1.384718500725544,1.455585575795809,1.3312597268792479,1.2695397125393704,1.1788564788782747,1.2671506374319168,1.1250607818088396,1.4281140479331422,1.0282696869403427,1.067061411381957,1.306308714463821,1.193448399740627,0.9610574888772991,1.2141633451849079,1.4534476660109885,1.247230147027861,1.1624256594281048,1.0984681916698262,1.3753815895355563,1.0162752755982016,0.9167630696503822,1.2542744670835133,1.0937534402491202,1.2385425266579648,1.1121806829468976,1.051581225484384,1.2466534271396381,1.4040878613470964,1.2544658427739048,1.164539330374239,1.2505368483889105,1.2734257949794854,0.9972605505261477,1.171368892660723,1.2832586384614213,1.0409062572944738,0.9748897524215897,1.177600085027161,1.249459594796749,1.0546104878127471,1.0149501267636905,1.076265935012662,1.2018209675769793,1.0915634173525544,1.0644743632425133,1.0992069937611486,1.0530932096828598,1.055928675769341,1.1403953764288692,1.2930442324957987,1.0803230849627043,1.2061530137950531,1.0723691149364103,1.0812878364799539,1.192778347094915,0.9893266433672342,1.100984105181405,0.8654540212923686,1.005434352845784,1.1289640053955479,1.2297008068809092,0.9434029720370171,0.94203006267703,1.0293721913823974,1.243560830972158,0.9938294363462371,1.0124255595292768,1.1014143205359945,0.987807779882275,1.1618682743494964,1.111509528602995,1.2328419167886544,1.0073841820573128,0.9530445810271637,1.0956521284450054,0.984637952998913,0.9064427983187907,1.1994273457269178,1.0186740497681854,1.0725737366070265,1.135921644191594,1.108710086072832,1.0736722925650084,1.034627354294248,0.9282379853862166,1.1255987994678343,0.9695624481318956,1.0170433659295037,0.9901184122240018,1.0082612647943685,0.9682270788057663,1.0854583975926668,0.9993062881684518,1.049255728410102,1.0468527648558024,1.0773313276147687,1.0244347588228544,0.9938837217811911,1.0097261182845239,0.9959491647650783,0.98082388274877,1.0019565451180192,1.0024534359929147,1.0009513515704636
SVM,hybrid,MolPropsAPFP,5,1.1741463414634148,1.3016992452001184,1.1805905777860386,1.1504974236700178,1.3164621884688557,1.2108592679607486,1.1813832241668867,1.111523541664449,1.1059376420767164,1.11872346298636,1.1961698093936042,1.1388136694996982,1.1409196341975802,1.0593873523976303,1.1690465953417466,1.2557044975259974,0.9957588728589217,0.8352040149369937,0.9881796971093104,1.0069507353303178,1.093320298305214,1.0116636467178177,0.989212766656618,1.2744164538977922,1.0811675738411064,1.0070121220124806,0.8346321031339149,1.0850556349532579,0.9926318360092252,1.0165463106874992,0.970664997771959,1.0283774444047447,0.8552352657199197,0.9693356536241067,0.9224648393932894,1.0839779212451819,0.8702875307589522,1.0447955764726133,1.0218260377772943,0.876711414174675,0.935726357536888,0.8251132749839136,0.8610637926884588,0.8956064886228936,0.9924875123795128,0.9771345448614006,0.789602193908884,0.9723469518261668,0.9163171753061372,0.7869809211437551,1.0239520861813127,0.9708872253534226,1.0117142847450653,1.0042686121290365,0.9299005075996523,0.986283971216551,0.7334117239598822,0.9496152015087681,0.8220074956245969,0.9179959605642724,0.9008791431067709,0.8533243783330902,0.9502452639253055,0.8408146166002057,1.0118498659761468,0.8764487731567089,0.8518105447676655,1.1065972216967,0.9420714150072621,0.7337868991119593,0.7851203044412244,0.8763218693769049,0.7723931186993863,0.8391488616550349,0.9552619129444505,0.8713271855750202,0.7966865007504895,0.9398420309228148,1.1415925260746056,0.8358815042997303,0.8114704392347859,0.9296480767493774,0.8587776116767541,0.8785627177425873,0.8692248255054746,0.8113156975708046,0.906156678005971,0.8561448255731101,0.9023662573998983,0.8905692750803519,0.8076034659505295,1.0173135851677326,0.9122850294907072,0.9765669054737819,0.9354686055227012,0.728842843966327,0.9190773476690017,0.9544883628351534,0.8795697471365234,0.789378385873839,0.8800255427286294,0.8265913801083405,0.8402124280141504,0.9185496077644952,0.746331231020285,0.8004905831113519,0.8049249320844082,0.8457762189903665,0.9124993945450526,0.8976715738136116,0.8765214769812256,1.0784056205837045,0.8133326184840713,0.8554500998800595,0.7974101351838586,0.8970291064187326,0.8620875270066274,0.9482576953583451,0.8605968475635752,1.0446441933036423,0.8305480642870929,0.8167554792251112,0.8410262351123898,0.815813485671519,0.8524951106677493,0.8314628332732771,0.9067841489458984,0.8594527699025915,0.8844222714624654,0.8382081929067074,0.8070491062696092,0.8370918898667339,0.8530546287591757,0.7391076983372686,0.9678140348504423,0.9327229205848881,0.8345214987814762,0.9403861796302371,0.7543440743447405,0.7961047169802563,0.9835473344199432,0.784373180162171,0.8390916671177931,0.7845814479070973,0.8725241780003732,0.7866441538409763,0.8639971868683031,0.8201713213914635,0.816916359212032,0.8576988701489425,0.8099679504032508,0.8255653627755131,0.8544792724455077,0.8274147979627804,0.8971110387788663,0.8147040332593601,0.785473636205124,0.824339103641057,0.8278745909213571,0.7578138468157132,0.9763901092654885,0.8389312131115908,0.8192014730483783,0.7751884730684994,0.824866198100764,0.8160123912245137,0.7725174260669799,0.782593207170654,0.8219287619736573,0.8201266129805453,0.8418422206086129,0.7927461425311539,0.8156913797744745,0.7539550877389736,0.8345753886073206,0.8045561489066063,0.830893204100906,0.844703690796017,0.7654112252526449,0.8454748211488979,0.8579099729817915,0.8124150814819939,0.8626537197138068,0.7937080425168014,0.795824751053149,0.8336957220175947,0.8386789631932801,0.7939608677851882,0.8002911345057815,0.8263989670940608,0.8084308627299333,0.8163442138517092,0.8072245421544175,0.7987116820352068,0.8119694593528147,0.7977349900254169,0.8113879209477681,0.808785335670459
SVM,pml,MolProps,5,3.444634146341463,2.8149199248662824,2.324632491532339,3.1911500486505986,2.3956738444817547,2.8624140655978962,2.4328924480969216,2.1045473194720277,2.0851182349864246,2.518505762986403,2.034934417170212,2.1861711508229775,2.1237473098224466,2.090055657791742,1.728233769240024,2.4143877201671304,2.1980932823201735,1.881322775729008,2.05242222251048,1.8814004018063815,1.9633560954949705,1.731873147795162,1.7465686911137348,2.2065038536711743,1.2605734377253959,1.5303839126637255,1.769127170338491,2.120935839827263,1.6970868616179233,1.953720217885908,1.952929652628878,1.743159929532699,2.1618582522080283,1.5108701941637745,1.9966895350223712,1.3672716977013717,1.7571106030117998,1.8775548679145055,1.3499567122301264,1.701067083634758,1.424025363316039,1.7074000668962235,1.9305538883902962,1.366215620025488,1.6037714118927053,1.4026276418224417,1.7015233576925757,1.585852216854924,1.5993983978288273,1.700777597026491,1.3811024129826095,1.6364010466572676,1.5436167030124899,1.5207082127068716,1.5441055059814943,1.6677278134023363,1.432745141767004,1.8413999096847977,1.8384533064202258,1.1985950538303602,1.6159626923911468,1.3058600628002364,1.6794782815332108,1.436655439973521,1.1718742041850239,1.369483469980649,1.4679049374593558,1.2812366368140027,1.3624251779261563,1.4197065722252353,1.5676473597658789,1.1954004226629378,1.6970697481053345,1.5691182565366841,1.627511407936066,1.5918853751100122,1.529406672942928,1.4387170423246116,1.5348716957060013,1.182655347629872,1.3719369214242383,1.6531528175543255,1.350118665951113,1.534619970235582,1.2809568593255787,1.5364741713514716,1.2617091115628662,1.211010036618119,1.179559386680041,1.2094410769752015,1.161732195540453,1.3736114152797183,1.2391810977055733,1.4233569476449546,0.9868932126398337,1.1020492673179185,1.3044992618120694,1.319609893944862,1.547768772050766,1.2659975789271907,1.1728070158716812,1.2766876085945167,1.1605692045661442,1.1746785732565546,1.1897549361844733,1.424464327958646,1.2904737720959183,1.275483402568612,1.4804313719860869,1.2214821776147244,1.121875976064707,1.159516111162682,1.1090000845597396,1.2311548367374425,1.3875792388400812,1.079390882089972,1.2859078640802872,1.1168444341072252,1.0695570310154312,1.0034140103581488,1.2048638419425906,1.198785341035282,1.1852333498141,1.137152104305831,1.3740335136846435,1.041199469411569,1.2624066655358233,1.0751012140310283,1.0904894614364304,1.1509359135715853,1.053651150523922,1.090505386337302,1.1395875595646219,1.0831417321605126,1.1966627501199536,1.1806957126994932,1.0948791104959925,1.171391908559355,1.078534807539212,1.1061797245554612,1.0570830112246243,1.2681014378535869,1.1689895150215461,1.087466609337457,1.0186611085563684,1.065840527086397,1.0761403142622412,1.1234611291974683,1.0224518373932951,1.357409799485816,1.2834959607834175,1.192818607343903,1.2611553102580955,1.1289595415190332,0.9789408141972311,1.304101757348451,1.067703885421786,1.2119552098961976,1.0833680280682876,0.9881206583964038,0.9886983191858076,1.002277914024509,1.0688768614832518,1.0085679279099746,1.0535349956407494,1.0014761356162263,0.9388528211264637,0.9626993875084465,1.1034736904392024,1.0428387308390683,1.0327348515160142,1.0728205612757995,1.144203116860879,0.9700764580438133,1.0673501449545448,1.1171218657857291,1.1220498278810693,1.0018983516172604,1.1517515910041873,1.0994266151851284,1.076270330905573,1.036406307559691,1.0549983406042946,1.096041870173795,0.9787786980254296,1.0244938676184492,0.9421674657792164,0.9870213494437995,1.0804251255606256,1.0204272625321589,1.0054225136706547,0.9845998417169816,1.0588277537925266,1.039832689022302,0.9937105818290756,0.9815829657686138,0.9953049667446418,1.0010043140067042
SVM,hybrid,MolPropsAPFP,6,2.855121951219512,1.4261713800775901,1.4564626194791894,1.2773154835160812,1.3889865339695564,1.1806255494792188,1.2724545857363123,1.156680390723969,1.290187613267732,0.9969549265186735,1.2482238104462295,1.1992641591153363,1.0554895391310084,1.0987065564148368,1.1134723850677726,0.9761941011603248,0.9920479461804366,1.0726145451863898,1.0403767992998965,1.0984469220415163,1.0197559308733144,1.0614215872208028,0.9612177907655005,0.9441619821817064,1.043561358258462,0.9495646412391175,0.9857733798999926,0.967401083620849,1.071738689133779,1.0897072453790564,0.9109345186148111,1.0164007651372116,1.0609230406760632,1.0259132511384232,1.0740260030772837,0.9645985762908551,1.1059769745459584,0.9493319713296172,0.9917607927910206,1.0666401933228882,0.8624380868920903,0.9569916020711695,0.9816401546602299,1.0184831404706398,0.7980809154453112,1.063259652897353,1.0095018525185382,1.0244640523660813,1.0125465832783864,0.7810098513572007,0.8683831264322068,1.004916865496399,1.0115807488528725,0.8727689820969928,1.0394353136932337,0.8081432765819796,0.8922867944635059,0.873288927192673,0.9806798683940813,0.8381356315448217,0.8588443897860155,0.9311094880629546,0.8443343364496336,0.8181373005291671,0.9624817514760258,0.8928361686910975,0.8771243749593499,0.7687322260256687,0.7369770927184935,1.081823974425554,0.9447449571837476,0.9540726723413542,0.9278593938523569,0.8439190518348028,0.9643067388978048,0.7954692414431732,0.8797101764050876,0.784985874706994,0.8074087964562136,0.838677192170309,0.9350179013645861,0.8947977899853713,0.8593266837704807,0.7954912434462885,0.9269299011238699,0.867138226472329,0.8876860302036725,0.8644256344913664,1.026622467118233,0.9613190469447788,0.7487616946536098,0.8068732622942988,0.8064073246917629,0.9270561176801528,0.9155626109456987,0.9263883851088378,1.1170234376966595,0.8115341635938386,0.9083132116077264,0.8400027315134521,0.781152939766144,0.7847351678954886,0.806938596528364,0.8101533513282472,0.8633970455593373,0.9601200051530694,0.87731731458285,0.8481751416900156,0.8371031557159611,0.8494486716625713,0.7878020565669518,0.7870375217868462,0.7240289616545338,0.9535280801135442,0.9750169881423371,1.0108171517631075,0.8402064801896871,0.9110640899261523,0.8346172979395745,0.7880788023627344,0.9421059605797206,0.9357237129275647,0.8105343188771346,0.9009691934559303,0.8161276213282472,0.7494298931004079,0.8643081197110916,0.8413604913989364,0.8082038539262272,0.8746774954727999,0.8508686249697216,0.8486150126916656,0.9259907165920062,0.7571597049186358,0.8283417151088619,0.7516477342016031,0.8161199593560788,0.7702128134247695,0.844063486337056,0.8448893386714545,0.9148429912198903,0.8156577765589683,0.80680163045656,0.8726225753286648,0.8047465705580292,0.971946159054284,0.8123908715651851,0.7479467268891367,0.7925509989232952,0.7602414890450644,0.8049471554557501,0.8528762877155106,0.7686612116920069,0.8501545805998595,0.8512128951788368,0.805237867155099,0.8162235352457098,0.8398981727684814,0.854579561072101,0.8598557347415017,0.8043403812854654,0.8445407238757074,0.751777106645446,0.7391795604217962,0.9256991863435058,0.8604158882806288,0.9535997541243472,0.7965471220252159,0.8816683623086639,0.8077039533804365,0.8507373886405379,0.7957951039355159,0.8021641234321293,0.8411585404233567,0.7955416576834862,0.8285202254396343,0.8359940726524978,0.8069491298399751,0.8353875069137556,0.870270899709453,0.8444499552163837,0.8049129617997149,0.8507401753020457,0.804100242044093,0.8070398492416053,0.8030332871135497,0.8019774974263288,0.8460429391284545,0.7972988235753089,0.817443083258501,0.8164187892665149,0.8163862603853721,0.8041641462334224,0.8177432385534918,0.8123910133317925,0.809266479099922,0.8281232172094309,0.8087557465655026
SVM,pml,MolProps,6,5.083414634146341,2.708614207506674,2.838327806750839,2.7574405645049196,2.1995462984744267,2.507914154559954,3.0414953538257983,3.216964259743752,2.755381955682241,1.8720794261667302,1.9381285594563666,2.2869837804745607,2.304992106863999,1.965133774807807,2.19096024898408,2.344758552056529,2.130674624723203,1.9652363904427559,1.841753729734759,1.9149664131621538,2.1301419660243313,1.6088036971280804,1.4849399130499559,1.797712385378291,1.644754299163826,1.6223371745809034,1.5182482618100972,1.967218332018564,2.0394001393338015,2.0017119871905282,1.4480944353483114,1.8084387726943454,1.888587824279881,1.6970436896801135,1.7395636477572127,1.8503888913145023,1.994377658089449,1.333506244799108,1.3182542144534342,1.5973532134507045,1.7271490873593172,1.5648698542922834,1.5988747837849902,1.3645219939552407,1.5197662179761064,1.7236306767778118,1.5287405195144157,1.5421332829052683,1.5485563991914564,1.4614741578266865,1.5429919614244751,1.6805796312508252,1.4818418877352402,2.048588906885111,1.3714737344380241,1.6617945351138386,1.224132039055475,1.8068502966936941,1.6650875427206617,1.7589389452320805,1.597393507373471,1.2533068786004218,1.1745170333543706,1.3219048897217336,1.4298240833338665,1.2186296050749241,1.3473846747430913,1.309291199842634,1.4650610042819041,1.3795950152102612,1.332340757945128,1.2386544026360287,1.5054988339316662,1.2406728391076827,1.384378147441291,1.475559746510307,1.3940373106380208,1.1080116482487479,1.4093586187929454,1.2988863546345657,1.275100539087829,1.5730062064006052,1.3215840416372222,1.614878902312775,1.665929371829315,1.333320821260158,1.17785709559956,1.183867618844796,1.5838755260751922,1.6862378920902312,1.3087844569273424,1.1362494914338832,1.252491735545963,1.525091131667704,1.265196069909638,1.4181925478747195,1.1598801596109507,1.0960358574500413,1.1041460136200618,1.1293149761291505,1.6601267017073793,1.3785988571144476,1.1137074488368313,1.215115056347124,1.3514080259109587,0.9431722519114666,1.3142016927530769,1.1450968976518097,1.1491079083694058,1.3074663899595609,1.4146656257044248,1.1348997729372676,1.2944715466697805,1.2374037319646018,1.1364647326086226,1.2625699035606734,1.308057650732038,1.0734083545569117,1.2129173650004579,1.3247551056142681,1.0407499133321,1.421791182698739,1.0700558704750591,1.0599867144512103,1.324129972380891,1.0379368151854493,1.1976986094114856,1.3331260010974149,1.0143538913896857,1.109134010971117,1.2743366606023885,1.0108126682468814,1.1331144434542555,0.9483995438713118,1.1877765600386694,1.0687501538370319,1.0429299286956126,1.0531015880807997,1.2329064526599085,1.1307389705395219,1.2786148198680967,1.2325557299571892,0.9368921546670737,1.1344129885041307,1.228045859637191,1.0169656550874624,0.9537209582441053,0.9925217209492824,1.0676420429571236,1.0992051771915448,0.9911198669052736,1.1160424185075115,1.0671997810407343,1.0414333042661863,1.124997941319073,1.2370751646396714,0.958385779117845,0.9209026610132552,1.1605182788686494,1.1126500224595461,1.1853892606240874,1.0534927598468071,1.042307179501301,0.9837911601357536,1.0848318831821795,1.0927298058019912,1.0169041920881812,1.0679228817162838,0.9370407483985219,0.9692362889834802,1.1201935699828764,1.0476545764420195,1.026837483777198,1.0180622455484445,1.0149619433877197,1.2569551559489562,0.976011283994191,1.022099606371889,1.128699681057845,0.9392992003078412,0.9954650177420348,1.031396936638248,0.9885811856868213,1.0103715854330066,0.9468733862780799,0.9873073246137029,0.9855855308481162,1.0119580377696609,1.018275188831934,1.005096851666371,0.9994477677069921,0.9911678596504027,1.028323613807106,1.013280406914408,0.9873677145343426,0.9980957115853623,0.9965548518484421,1.0010202769361847
SVM,hybrid,MolPropsAPFP,7,1.5592682926829269,1.6893582325861147,1.2315823190241195,1.1270166098516057,1.1744867034074236,1.1897565752783819,1.1281498204010962,1.1549799943113879,1.2957729425464537,1.2246951646813193,1.2891070965674396,1.1843633880318891,0.953062947373622,1.2335532106652927,1.066351862941757,1.1226574647390446,1.0908711459809672,1.0536514442468998,1.046670754569808,1.023881578291741,1.1035244759620424,1.1147531423709498,1.0721060308224462,1.0570155668654975,1.0303088998362462,0.9502343741608402,1.0079750304328159,0.8533067588128672,1.1649192082457898,1.1226957663170123,0.9425784865785171,0.879303450384774,1.007409967128698,1.0874227068419808,0.9747137757968066,0.9614928188021027,0.9464966152098505,1.1431473267089518,0.8822677511193068,1.0340451482707103,0.9523133074015286,0.8051034915345411,1.0895764027899395,1.0325335191768759,0.9261657447309524,0.8421909566254402,0.8448128935589337,0.8095911613470117,1.0954106773608279,0.7517388795808796,0.8812413803603558,0.8305060483846708,0.7808215312255024,0.9628045644878689,0.8200372004738437,0.8924154449285064,1.0164982935191886,0.8256145424212994,1.0653173207527848,1.0106278295252469,0.9534487266993649,1.0112732992521327,0.9263253552965357,0.7792065473727476,0.9944876158136293,0.839127115359465,0.8130316292218597,1.0362236479877758,0.9327212797550706,0.8241084903901013,0.917356402181465,0.8893411159403986,0.8266286808295565,0.7667558028150567,0.8358848744018902,0.9387508927881143,0.8395843574279404,0.9534676219072318,0.9129702465611398,0.927194653778621,0.8354260161706595,1.006956263944303,0.759736943134907,0.7828942960137136,0.8021705032512896,1.0544455638838974,0.766570939549126,0.9839417158291097,0.7961643361330534,0.8723365487270991,0.8365287377085199,0.8568455180598299,0.916133007867553,0.8579613878560626,0.9017328951404276,0.9236520867400208,0.8296476720787873,0.8307346809853244,0.7783637610086709,0.7543221781692878,0.7894523727719662,0.7497883661889254,0.7745507778874623,0.8411802438203123,0.8495498384730329,0.73711697541956,0.792601752766967,0.7731705207100258,0.7619914834818575,0.9778293291202045,0.773558535249372,0.9912144467143224,0.8042114620497861,0.8592669369361161,0.7827064601650977,0.8551196360652734,0.8119970784194911,0.791671019273312,0.7758435968003426,0.873297835183447,0.7937521463531376,0.8241091465956993,0.8212911695496599,0.8462187794716349,0.7469515850516052,0.6830186971268034,0.853492400376495,0.8139228643990133,0.9025853646527157,0.8109604070193105,0.8786034200059064,0.8044086467634235,0.7819264666683421,0.7994966244464671,0.8918165848562289,0.8775820400894763,0.8241782788775951,0.8036815167429991,0.8752900223240248,0.8084651510911353,0.8479296737730828,0.9416884549508655,0.8791853339360812,0.8189291572629424,0.7898124990647823,0.7236947659537564,0.8926730329368993,0.8992211703087244,0.8441960346829342,0.8178873638045804,0.8617268115261563,0.7923740905172612,0.8267969294053343,0.9386848431042002,0.7854592406055755,0.9091599673192479,0.7616734038696635,0.7996019759598398,0.8380977007732794,0.8693077212141078,0.8108844909859239,0.7815866543647076,0.8341632647092168,0.7873728076890978,0.808612715199655,0.8357302466770566,0.7893708765249556,0.8678778797844722,0.819845231320228,0.8335740285865426,0.804122415893372,0.8289294382059151,0.8101090288965007,0.7683054555038443,0.8528389931872226,0.7975842434207152,0.8049287683783697,0.843499258064733,0.7998582774012366,0.7776057682696937,0.7975858900010615,0.8005142806313601,0.9013214347200047,0.8223766930908009,0.8214200612609662,0.8066085439010036,0.8388906450840733,0.7722424418626562,0.8057352257380003,0.8128614829484893,0.8148266464249471,0.7991387036575789,0.8130779977569949,0.8134176647431806,0.8176854186584739,0.8092140863923761,0.8075783664809942,0.8087957365039254
SVM,pml,MolProps,7,3.9302439024390248,2.5609906113151735,3.564824224735647,4.141000800887439,3.1588042172278996,2.0817625582928185,2.280736633773682,2.790298025531982,2.2783313825044655,2.4729443424701674,2.3910534870575546,2.1389522730095454,2.082048919133043,1.6525132621126049,2.161070959498485,2.2368632121879877,2.1580161280833656,2.4549509489249615,1.8661561619614782,2.0124762711003648,2.059005221984574,1.6434061006244742,2.4958882609178508,1.6978339412848513,1.8997190232226056,1.840381170698966,2.0664176430498733,1.7613345198386627,1.6502595194642413,1.961670968029476,1.3822771648160392,1.9135111245598826,1.4492641800925603,1.6749965498630068,1.4628039471333916,1.6957461080591476,1.912593842172715,1.5171995529181006,1.621550526821499,1.6952957708229524,2.0897885119290747,1.7675176543311333,1.8360538853312176,1.6066742967896315,1.577628752490784,1.4470780586135592,1.7395532603658497,1.5662551953253585,1.2268268392183548,1.7352469713461238,1.7428695331788573,1.9699371337316547,1.6957009356143864,1.5977043040431818,1.3496415444662364,1.7234850481712995,1.3920050112151499,1.3796723606185668,1.2487883855370896,1.4144845384922544,1.303851999457054,1.4187686361325174,1.497888024094271,1.481157098167706,1.3794399364956351,1.652331630657624,1.3614242902674474,1.8414494576810443,1.7529835120575696,1.6964759288659685,1.4111870076985076,1.2669870422513017,1.121438813375862,1.505622651479505,1.4321494627103075,1.4187060755482086,1.405508776518752,1.5503860753634615,1.4895496963656651,1.3823829355376538,1.359067313072179,1.249922760075048,1.3989057962274352,1.2158079669023505,1.5721702202513173,1.6219597499854879,1.445441471522179,1.37335001145487,1.3743822618551615,1.2334190955772215,0.9300130699434374,1.4583343026078819,1.1410476745204678,1.2329792792193588,1.149542357645291,1.100290239798891,1.178847511435878,1.2084896340194409,1.3329179905773765,1.423711102858142,1.2008354543046953,1.0699333265470652,1.345681204226098,1.1417093539044307,1.132792672372662,1.0490498607427758,1.1240107426846737,1.5132933821709602,1.1923347175428685,1.0536483873734528,1.337516471508323,1.2432912063351147,1.17405436985277,1.0323155023205028,1.1316041559423131,1.2319732510690475,1.2849163150388367,1.3994293984715802,1.1882542378309746,1.2024318136144012,1.2459569871924028,1.389557131584275,1.0616517979396114,1.0445706794783192,1.0297957677910778,1.2147534095126025,0.9942629614183227,1.1761787265482266,0.9876699340854981,1.1599408560080944,1.1897605011074548,1.1658600350867978,1.2961784815278794,1.2244180346465148,0.9375960595262711,1.241074891358278,1.1851161674009396,1.099294729930039,1.1076145309807572,1.2464922656387347,1.3096232512674149,1.034230858395294,1.1224052114337246,0.9644816157350786,1.2069326487673753,0.9703409595452028,1.0864676422465118,1.0776396290810395,1.1999485374509198,0.9967269274951268,1.0094550593286604,1.2188330119654676,0.9807736424702874,1.1610060341511195,1.107835049741344,0.9795277832295669,0.9526762942024639,1.1450857630994642,1.0073909036372681,1.0513028377132951,0.993996894740216,1.0463087815614034,1.0006791782725522,1.0247246740359646,0.9993036930499185,0.9799131622268934,0.9932747167716897,0.985820413520732,1.1744587883017585,1.0002398899631295,0.9547633947366863,1.1242181607500716,1.2103739593369092,1.0764799680774098,0.991637080807143,1.0072515969407203,1.0177703158284972,0.9952301341408435,0.9949785407486562,1.0256698382887017,1.0803542446057566,0.9693180405915123,0.9736344292847502,1.074183348851095,1.0857625126908026,1.007421007569266,1.0238724973385023,0.9858543823130288,1.004731229489852,1.0164525156610236,0.879420980480995,0.9916880087723209,0.9813599221931361,1.0109489413965087,1.034172306786428,1.0345456838361085,1.0001630108206132,1.000977373013639
SVM,hybrid,MolPropsAPFP,8,1.3358536585365857,1.2160089795454214,1.611149227517823,1.052179023897062,1.1614065768059771,1.0182358477859037,1.2852493208725737,1.2737083208361628,1.2292802026540475,1.1722371315468922,1.1474030700782143,1.0861956685666756,1.197183767208983,1.0530276366576692,1.2090924212639658,1.2275362463213044,1.1043093054133637,0.9961427710071807,1.163795969425925,0.9477143547919259,0.9560632742112726,0.9888844520777099,0.964698354491968,1.0765366383825508,1.001316281420678,1.0356752383554557,0.9635288451837692,0.990700019147983,1.0734366292977155,0.9820690797246163,0.937227647610988,0.9494533722754471,1.0882124539691018,0.9501239799467824,1.287306147671979,0.9709939819791517,0.9282840903222396,0.864435741373446,0.9051175491303235,0.9862086160883725,0.9838980025082756,0.9086906370455841,0.9751281625711435,0.8514722864339045,0.9181531181935975,0.928886359978957,1.0218227590794047,0.8556229223665169,0.9037831357255995,0.8341586972958807,0.9229502328179953,0.7568799040000977,1.0008086868469088,1.0902325384242364,0.9515301462790327,1.0013906023500418,1.0205557799443083,1.0838616218920933,0.8775094359611888,0.8336224939240012,0.9241590791019476,0.8892388278683238,0.9384630915603306,0.9800548378970928,0.7543932160604363,0.8993732358362557,0.9535821839084353,0.8659014579616047,0.8231805873347836,0.8990038520756894,0.9565709933830014,1.0174393684502505,0.8689185465191052,0.807596643200628,0.8255661936447627,0.8675533530959467,0.9382552895389156,0.8808363457504635,0.9262104638575156,0.8186729833677086,0.9241935539374443,0.8975833056060503,0.9558896232021714,0.8563209445583334,0.7966632615106785,0.846946246066544,0.943168751757085,0.8089371087008286,0.7253003529283674,0.7724579084826809,0.9674586942765652,0.8386417457149322,0.8796350054454327,0.8970016264221017,0.8504038784887438,0.8659029541572719,0.844589498873927,0.7806516876504493,0.8169844929793318,0.9191845923923299,1.0718136777541825,0.73489290940495,0.8421899401959606,0.8698090046888338,0.8661950581446458,0.8830914799268834,0.9118427846522749,1.0340275738000297,0.8104805584544655,0.8317499696124232,0.7633099854832364,0.9950346556516548,0.8954898105470696,0.8897772875217572,0.8118294196861651,0.8409007585200821,0.8690410669965998,0.8676972184545656,0.7834752053755862,0.8963250004155517,0.8007774810437926,0.8267740765692249,0.847576631713203,1.0002891383937391,0.9620952008064904,0.9373871779975259,0.8175435836058258,0.8394831111260165,0.7808155919403785,0.8666012998253484,0.7594485878086176,0.7739176413415009,0.7608549282518647,0.9295474633383378,0.8374818607313999,0.8576146463448899,0.8631791963211799,0.7690348698368196,0.7773918929521952,0.7852002810305954,0.8570606707595783,0.8296463245828125,0.8178736984190704,0.8071328126699379,0.8120672691785722,0.7784402024922132,0.8006255024164907,0.7872049761679389,0.7471591614398255,0.8910808309634631,0.7444154042380448,0.825222235874193,0.8618149226259767,0.8804278455452406,0.866392791167067,0.8181999247287824,0.847999400852701,0.8523291531091614,0.780842339384456,0.7986081659588754,0.7824721686965995,0.8312812564527754,0.8079240754779106,0.8185032422610351,0.8154168474392217,0.7521376625417743,0.8292965899199051,0.7818546360481987,0.7655744649641667,0.830185600105992,0.8148955075844733,0.832793929380773,0.8337789426403928,0.817918125634539,0.8478907046487397,0.8309837187952249,0.7443762330632356,0.8047416127387765,0.836070334406182,0.8110858217395711,0.811469965496592,0.8160149049894836,0.8231033121154174,0.8137171090270042,0.8090644947427561,0.8099203739462615,0.8638072034973472,0.8389391440965729,0.8220929710055606,0.7869521362367546,0.7875240202338627,0.8006732868146218,0.8110806636476087,0.811363247604685,0.8103451780349424,0.8010362150484692,0.8001213808050098,0.8087675116038509
SVM,pml,MolProps,8,2.7575609756097563,2.5529989898671466,2.891594803941387,1.898791500405129,2.419147942319357,2.3720437653801127,2.668567189288182,2.9434377514734433,1.5049984971656913,1.9655170078652267,2.903033866750517,1.7581403689220578,1.9250434170389688,2.4521218200061576,1.8200243869548522,2.0901413947533136,2.0233290910475907,1.8733755591261625,2.34813035360851,1.9852413161996973,1.810411685127867,1.8113050548932943,2.0219608664987163,1.6613585068343388,1.7163933156780276,1.908821242906946,2.3040822851268032,1.9388761117315967,1.874079813915155,1.9274238029798874,1.7094988534765325,1.7991062129887678,1.8530095490218734,1.7356228931888265,1.618680459083986,2.005848148003716,1.4893000703387942,1.4129480515431032,1.7342516577997291,1.611866467472098,1.7819151377864724,1.6441302837114329,1.3953111351783725,1.4754405207138832,1.6934429457585183,1.9276224017267687,1.4444502131749248,1.7359646735972476,1.4454353328473335,1.737990967131646,1.64796626678301,1.8788643116566541,1.5260864064519448,1.561258744502565,1.4275383798377792,1.7798388011166066,1.463641184675231,1.6241218829355293,1.5391407380564928,1.646955487605608,1.1863738824012722,1.6260651461060818,1.3069855117020555,1.418361243050745,1.5295419418438838,1.5635042907571324,1.2005523729093366,1.1799566899791913,1.4873239650308236,1.5255245423503763,1.56830918839948,1.2842310724823551,1.2093414953754325,1.118758220527038,1.5336856750496997,1.4191199038349607,1.4154559880884032,1.29835523797683,1.7150401374218847,1.5500414917476408,1.3508918118570756,1.3880174105083487,1.3633994613294886,1.209027708612387,1.4528024832813304,1.171293777278053,1.1876092875211126,1.1947158787746441,1.1643277198736919,1.3812891375641847,1.1651763581468846,1.4332991695332082,1.2429009423940875,1.2842462578962353,1.2707559870317315,1.4085125357481991,1.3901519642597293,1.571105442707781,1.3849599704832296,1.3760166250105663,1.2864384484541003,1.17898027712435,1.1470025043884118,1.3157140054787269,1.2523197385914846,1.2656258679741075,1.1893869114255085,1.4539399497677827,1.3501359737633916,0.9978233083486661,1.0986738035414199,1.1595511176799373,1.3676041023404817,1.1409230602705502,1.3056774862337934,1.276084990100871,0.9895858010217605,1.1531321288278866,1.2994187224916078,1.2952367531579445,1.11836627011156,1.2097463937747641,1.2187742249149758,1.4907428277435677,1.2877303857676685,1.3440160884870376,1.3252376412670133,1.2037094999316889,1.0145178673964335,1.1214667638009044,1.427881394158215,1.1204699722577236,1.2109699707289456,1.0656604624812436,1.1745456553995968,1.0543841757827392,1.0502256860468349,1.4235032077536127,1.0452139697648881,1.3871722357387064,1.0795504283735666,1.0365119456036136,1.0571920462281887,0.9411288281663597,1.0145516849967497,0.9532702013273548,1.15313301983384,1.1250621920571309,0.9565532302588581,0.9385877878191631,1.078621245290672,1.1532979248187647,1.0260958149295936,1.0235080397685055,1.283217481598331,0.9451946414404594,1.1779698062273376,1.0823469099711216,1.1369311428178426,1.0475904045801299,1.0172220387218254,1.0929025344496666,1.0508537783923693,1.3441105654364296,1.1103243314729072,1.0026522090469607,0.9868757786717854,1.0966327326805496,0.9829989072813928,1.161313212491701,0.9958989790668606,1.210585753460202,1.1688222795426622,0.9779688560680171,1.0544342710903196,1.07250858109371,1.0118244853443725,1.0200382677694533,1.0148680969247532,1.0292556492070581,0.9725488257693077,1.0494254576557696,1.0009049595125916,1.0094848136272807,0.9724860770117727,1.04753359634922,0.964500391514232,0.9914049640123469,1.01225360764092,1.0205604135749222,1.020322003379822,1.0384021096528617,1.0190734821662968,1.0033894170784254,1.0203371581248746,0.9952827663326796,0.967410229693259,1.0009779987643084
SVM,hybrid,MolPropsAPFP,9,1.414146341463415,1.4697987077763501,1.14949975927174,1.1342237562209694,1.246571805309777,1.1922612680938716,1.1294316638503281,1.1030564827541391,1.2340878609780186,1.1618018719915815,1.0675644161395943,1.381132871716169,1.3324330068633063,1.1740417819221958,1.1667608469229476,1.0367912729958582,0.9937575766097486,1.0894579248171874,1.0623294461748842,1.0692116534877925,1.032578946970835,0.9667834788782638,0.9045543920978746,1.0270737999655486,0.9570102561277372,1.045618710801338,1.0718838258250065,1.0744590310160198,0.9151471038017891,1.0327787812131808,0.9411991613992087,0.9259234155097769,0.9296648808624016,0.9851449784246713,0.980650963572881,0.8782786957953183,1.1809673835980883,1.1426978442160538,0.8860993609291836,1.1063240172611764,1.019256384580467,1.017815926629206,0.9901560103185806,0.8609274961207438,0.9946879559951861,1.0195804828171293,0.9833725722875394,0.9997948213791897,0.8300786584055727,0.9102799716654097,0.874871017243931,1.017074459891658,0.9929687047595571,1.074727861657297,0.904441219322314,0.8028539192901288,0.9569241549098321,1.0470132280951756,0.8990126690523353,0.9317342353769335,0.9865375174832602,1.0704044413650766,0.9514442417948767,0.9670442940166577,0.9937167071290293,1.182311078411158,0.9393557776033286,0.9195969835155983,0.8613322077941138,0.7697898482119778,0.9543640555088757,1.0414437500150657,0.7536133667733148,0.9825727990385178,0.8315360902406024,0.8610879957768507,0.7801460643094196,0.893437365477642,0.8533534719653451,0.7582031356221117,0.8534567698466783,0.8976657941572284,0.8947307148137332,0.78767845779775,0.8936587464537585,0.9198712153901606,0.9056016000138264,0.9682234710295514,0.9638622474937584,0.7763776111476237,0.826540954862392,0.892238637887838,0.8784260667831708,0.8355429606463568,0.9218819035482947,0.9387235849160281,0.8790596505964413,0.9884900226697276,0.8530284596980362,0.7715271474334456,0.9349689359018483,0.923429654748237,0.9415959893639525,0.7134172159133627,0.844373461024554,0.8602537809570486,0.8690698886374286,0.8306080698836859,0.8113653293703281,0.706839245500812,0.8364533704394524,0.826180823565509,0.7953627398443318,0.8150835978367489,0.9041805411680711,0.8093621986024311,0.7714754443013906,0.8114429553874057,0.8880311571239685,0.8101906066874788,0.8936344770272537,0.8850910411991835,0.7734459054642087,0.8421382951521252,0.8103270778781307,1.0672307847303502,0.8856422858273995,0.8149487864020625,0.8621457137109816,0.9084676253125982,0.8901837043005343,0.8098130168884978,0.9484966630343123,0.7527154415016927,0.7891149904286143,0.8069433739579635,0.7221333628056923,0.7982632114416429,0.8882492210273691,0.8210134367242444,0.7598180830971669,0.9194765152616998,0.8517380813798477,0.867780540812419,0.764070603531527,0.8561171593353414,0.7908401223988882,0.8395470802679608,0.8307899098043443,0.7325202599484744,0.8525573993359534,0.8160288526900289,0.8468914540205182,0.7243119622040742,0.8286257351899864,0.8404694798272537,0.8039753396717076,0.8132933198333109,0.8247624199438276,0.8486187242518034,0.8880413501755549,0.780540384797495,0.8860925356042109,0.86202377640964,0.7783002173200789,0.8090308592941945,0.8398736060754346,0.8131969741143905,0.8324654779952829,0.7808345971869646,0.7998252217578304,0.8153661692780451,0.8071074675731488,0.824699561064875,0.8224224327016544,0.848251059994198,0.7759975751197259,0.7990580688108117,0.8290910604899718,0.8211735244611104,0.7745278216240892,0.8147031935094137,0.8122166765868094,0.813978671101536,0.8355656330434059,0.7869607419506712,0.8173683855253616,0.8119354245519935,0.8308190419889564,0.8092355474802473,0.821767790584521,0.8163434725379692,0.8100283097083221,0.7831933182753473,0.8275039622974502,0.816531658450897,0.8140658407751802,0.80878366643242
SVM,pml,MolProps,9,3.741951219512195,2.9065813183188904,2.232429012995409,4.364148608371555,2.4879587438138824,2.9250571372317307,3.0085222595679286,2.2095587763543207,2.7890071634464793,1.9731289411316462,2.4215273108071615,2.2253071755070066,1.9840455337374134,2.057933820260482,2.497361899659314,1.6106682752403072,2.4575580186090926,1.887128415701914,2.0285396238130846,1.7216569663931225,1.8720899952416132,2.1740814819244494,2.3149319152195127,1.7231109824534585,2.011506762434797,1.8814265960154715,1.816792981884801,1.8788608630162813,1.3350741925311826,2.084139242778633,1.7671208956413353,1.256068289779602,1.7295526813684388,1.7021738758261142,1.6125638832652618,1.5253519272257827,1.674165968659454,1.6195199748005844,1.6318593561340218,1.5720428141748766,1.5963456593149001,1.789766342951066,1.7228561173509525,1.9301032679352907,1.4776417186009563,1.3044125889117186,1.6058526092703147,1.9416704656081654,1.5948919333072258,1.5420329587049102,1.5434994014019996,1.7841949504308001,1.2140393221772328,1.2809704708240595,1.2727298015599209,1.7611253663354012,1.66051755399813,1.2382347295542733,1.2728789903153472,1.6392524970178894,1.3619824777432852,1.4091456955021648,1.1696923871372464,1.5729190757647542,1.3491463057636477,1.4726150506480968,1.450623727871955,1.3875305558160393,1.242294473109216,1.4851566161630876,1.3086970564173244,1.4915319369822577,1.1573772256965842,1.3662959709337303,1.55123185693845,1.4764324340806303,1.4964295759598254,1.5982767786046028,1.4757241463222044,1.2244676227830549,1.4995023906030238,1.0988073511336818,1.2008385856872257,1.416429340451786,1.3241810313235853,1.0328443523680115,1.626698372981203,1.4358122278341021,1.1562506675589623,1.217428888515859,1.0138953682545722,1.5013592697418654,1.3987136121467552,1.3547795811672803,1.5195751598110536,1.1170593083078453,1.27352057135107,1.2528458455448308,1.1593175205561173,1.4020228172744578,1.4997406868270622,1.1204573703726524,1.0687347034476784,1.4708652606021122,1.013382742502779,1.1192291353060237,1.2994305011418597,1.1982877415727058,1.4765751627240584,1.2359893138767784,1.1490015555370654,1.1186082854464938,1.1550779941413623,1.0645443006191482,1.1707334288112252,1.1968277168036832,1.2307550852077855,1.0835873526657478,1.1019852919971465,1.2578892722180735,1.1337687644150447,1.003675696867976,1.043854604763306,0.9496054671919271,1.1947155891562378,1.1267291997203424,1.057033555195561,1.0480855466321268,1.0874033218041725,1.1612047438951667,1.0776717723003186,1.072923010964504,1.1151240493024315,1.1268499974437793,1.4248983046920067,1.0230100584672457,1.3008620910927275,1.2516053184471982,1.0870093483192054,1.1101817327709858,1.194732236241307,1.1239788712491108,1.122939685843643,1.1168798442881802,1.113893056769603,1.1221158695053413,1.1115443275821388,1.2017725034258542,1.0798280557962405,1.0617617396448311,1.1187084088240233,1.240181229317404,1.0202064978771053,1.061554168196556,1.0119372992344289,1.1749149356997657,1.0537893614830414,1.038313867327711,1.0961164324301131,1.051104201219675,1.0786768486308207,1.0581735434193762,1.1009200935368082,1.1061714818473598,1.0485062820018045,0.9876780346086411,0.9867777848501852,1.2911635026701735,0.9546700919927661,1.1118353166602046,1.0023198579102637,0.9365448408186064,1.089486441750431,0.9932876168674375,1.0557714558378946,1.033759877594479,1.1358243465109645,1.0809014341023435,1.019047484210295,1.0831811437630878,0.9929996126543861,1.0237701430021893,1.0286645251630955,1.0738709808381002,1.04747610738366,1.0356683161488978,1.040998661695254,0.9585146694893449,1.0080514567646994,1.0096534197981206,0.9798162569678477,1.0234229135092556,1.01517565453599,0.9935135484924512,1.017645652160887,1.016169359970946,1.001406507409071,1.000994287880298
